CO2,year,Century,Decade
0.00568,1800,1800,1810
0.005674166666666667,1800,1800,1810
0.005668333333333333,1800,1800,1810
0.0056625,1800,1800,1810
0.005656666666666667,1800,1800,1810
0.005650833333333333,1800,1800,1810
0.005645000000000001,1800,1800,1810
0.005639166666666667,1800,1800,1810
0.005633333333333334,1800,1800,1810
0.0056275000000000006,1800,1800,1810
0.005621666666666667,1800,1800,1810
0.005615833333333334,1800,1800,1810
0.00561,1801,1800,1810
0.005605000000000001,1801,1800,1810
0.005600000000000001,1801,1800,1810
0.005595,1801,1800,1810
0.00559,1801,1800,1810
0.0055850000000000006,1801,1800,1810
0.00558,1801,1800,1810
0.005575,1801,1800,1810
0.00557,1801,1800,1810
0.0055650000000000005,1801,1800,1810
0.005560000000000001,1801,1800,1810
0.005555,1801,1800,1810
0.00555,1802,1800,1810
0.005544166666666667,1802,1800,1810
0.0055383333333333335,1802,1800,1810
0.0055325,1802,1800,1810
0.005526666666666667,1802,1800,1810
0.005520833333333333,1802,1800,1810
0.005515,1802,1800,1810
0.0055091666666666666,1802,1800,1810
0.005503333333333333,1802,1800,1810
0.0054975,1802,1800,1810
0.005491666666666666,1802,1800,1810
0.005485833333333333,1802,1800,1810
0.00548,1803,1800,1810
0.005475,1803,1800,1810
0.00547,1803,1800,1810
0.005464999999999999,1803,1800,1810
0.00546,1803,1800,1810
0.005455,1803,1800,1810
0.00545,1803,1800,1810
0.005445,1803,1800,1810
0.00544,1803,1800,1810
0.005435000000000001,1803,1800,1810
0.00543,1803,1800,1810
0.005425,1803,1800,1810
0.00542,1804,1800,1810
0.0054150000000000005,1804,1800,1810
0.00541,1804,1800,1810
0.005405,1804,1800,1810
0.0054,1804,1800,1810
0.0053950000000000005,1804,1800,1810
0.005390000000000001,1804,1800,1810
0.005385,1804,1800,1810
0.00538,1804,1800,1810
0.0053750000000000004,1804,1800,1810
0.00537,1804,1800,1810
0.005365,1804,1800,1810
0.00536,1805,1800,1810
0.005354166666666667,1805,1800,1810
0.005348333333333333,1805,1800,1810
0.0053425,1805,1800,1810
0.005336666666666667,1805,1800,1810
0.005330833333333333,1805,1800,1810
0.005325,1805,1800,1810
0.005319166666666667,1805,1800,1810
0.005313333333333334,1805,1800,1810
0.005307500000000001,1805,1800,1810
0.005301666666666667,1805,1800,1810
0.005295833333333334,1805,1800,1810
0.00529,1806,1800,1810
0.005285000000000001,1806,1800,1810
0.00528,1806,1800,1810
0.005275,1806,1800,1810
0.00527,1806,1800,1810
0.005265000000000001,1806,1800,1810
0.005260000000000001,1806,1800,1810
0.005255,1806,1800,1810
0.00525,1806,1800,1810
0.0052450000000000005,1806,1800,1810
0.00524,1806,1800,1810
0.005235,1806,1800,1810
0.00523,1807,1800,1810
0.0052250000000000005,1807,1800,1810
0.005220000000000001,1807,1800,1810
0.005215,1807,1800,1810
0.00521,1807,1800,1810
0.005205,1807,1800,1810
0.0052,1807,1800,1810
0.005195,1807,1800,1810
0.00519,1807,1800,1810
0.005185,1807,1800,1810
0.005180000000000001,1807,1800,1810
0.005175,1807,1800,1810
0.00517,1808,1800,1810
0.005165,1808,1800,1810
0.00516,1808,1800,1810
0.005155,1808,1800,1810
0.00515,1808,1800,1810
0.005145,1808,1800,1810
0.0051400000000000005,1808,1800,1810
0.005135,1808,1800,1810
0.00513,1808,1800,1810
0.005125,1808,1800,1810
0.0051199999999999996,1808,1800,1810
0.005115,1808,1800,1810
0.00511,1809,1800,1810
0.005104166666666667,1809,1800,1810
0.005098333333333333,1809,1800,1810
0.0050925,1809,1800,1810
0.005086666666666666,1809,1800,1810
0.005080833333333333,1809,1800,1810
0.005075,1809,1800,1810
0.005069166666666667,1809,1800,1810
0.005063333333333334,1809,1800,1810
0.0050575,1809,1800,1810
0.005051666666666667,1809,1800,1810
0.005045833333333334,1809,1800,1810
0.00504,1810,1800,1820
0.005034166666666667,1810,1800,1820
0.0050283333333333334,1810,1800,1820
0.0050225,1810,1800,1820
0.005016666666666667,1810,1800,1820
0.005010833333333333,1810,1800,1820
0.005005,1810,1800,1820
0.0049991666666666665,1810,1800,1820
0.004993333333333333,1810,1800,1820
0.0049875,1810,1800,1820
0.004981666666666666,1810,1800,1820
0.004975833333333333,1810,1800,1820
0.00497,1811,1800,1820
0.004964166666666666,1811,1800,1820
0.004958333333333333,1811,1800,1820
0.0049524999999999994,1811,1800,1820
0.004946666666666666,1811,1800,1820
0.004940833333333333,1811,1800,1820
0.004935,1811,1800,1820
0.004929166666666667,1811,1800,1820
0.004923333333333333,1811,1800,1820
0.0049175,1811,1800,1820
0.004911666666666667,1811,1800,1820
0.004905833333333333,1811,1800,1820
0.0049,1812,1800,1820
0.0048941666666666665,1812,1800,1820
0.004888333333333333,1812,1800,1820
0.0048825,1812,1800,1820
0.004876666666666666,1812,1800,1820
0.004870833333333333,1812,1800,1820
0.0048649999999999995,1812,1800,1820
0.004859166666666667,1812,1800,1820
0.004853333333333334,1812,1800,1820
0.0048475,1812,1800,1820
0.004841666666666667,1812,1800,1820
0.0048358333333333335,1812,1800,1820
0.00483,1813,1800,1820
0.004823333333333333,1813,1800,1820
0.004816666666666667,1813,1800,1820
0.00481,1813,1800,1820
0.004803333333333333,1813,1800,1820
0.004796666666666667,1813,1800,1820
0.00479,1813,1800,1820
0.004783333333333333,1813,1800,1820
0.004776666666666667,1813,1800,1820
0.00477,1813,1800,1820
0.004763333333333333,1813,1800,1820
0.004756666666666667,1813,1800,1820
0.00475,1814,1800,1820
0.0047425,1814,1800,1820
0.004735,1814,1800,1820
0.0047275,1814,1800,1820
0.00472,1814,1800,1820
0.0047125,1814,1800,1820
0.004705,1814,1800,1820
0.0046975,1814,1800,1820
0.00469,1814,1800,1820
0.0046825,1814,1800,1820
0.004675,1814,1800,1820
0.0046675,1814,1800,1820
0.00466,1815,1800,1820
0.0046525,1815,1800,1820
0.004645,1815,1800,1820
0.0046375,1815,1800,1820
0.0046300000000000004,1815,1800,1820
0.0046225,1815,1800,1820
0.004615,1815,1800,1820
0.0046075000000000005,1815,1800,1820
0.0046,1815,1800,1820
0.0045925,1815,1800,1820
0.0045850000000000005,1815,1800,1820
0.0045775,1815,1800,1820
0.00457,1816,1800,1820
0.004561666666666667,1816,1800,1820
0.004553333333333334,1816,1800,1820
0.004545,1816,1800,1820
0.004536666666666667,1816,1800,1820
0.004528333333333334,1816,1800,1820
0.00452,1816,1800,1820
0.004511666666666666,1816,1800,1820
0.004503333333333333,1816,1800,1820
0.004495,1816,1800,1820
0.004486666666666667,1816,1800,1820
0.004478333333333333,1816,1800,1820
0.00447,1817,1800,1820
0.0044625,1817,1800,1820
0.004455,1817,1800,1820
0.0044475,1817,1800,1820
0.00444,1817,1800,1820
0.0044325,1817,1800,1820
0.004425,1817,1800,1820
0.0044175,1817,1800,1820
0.00441,1817,1800,1820
0.0044025,1817,1800,1820
0.0043950000000000005,1817,1800,1820
0.0043875,1817,1800,1820
0.00438,1818,1800,1820
0.004370833333333333,1818,1800,1820
0.0043616666666666665,1818,1800,1820
0.0043525000000000005,1818,1800,1820
0.004343333333333334,1818,1800,1820
0.004334166666666667,1818,1800,1820
0.004325000000000001,1818,1800,1820
0.004315833333333334,1818,1800,1820
0.004306666666666667,1818,1800,1820
0.0042975,1818,1800,1820
0.004288333333333333,1818,1800,1820
0.004279166666666667,1818,1800,1820
0.00427,1819,1800,1820
0.004261666666666667,1819,1800,1820
0.004253333333333334,1819,1800,1820
0.0042450000000000005,1819,1800,1820
0.004236666666666667,1819,1800,1820
0.004228333333333334,1819,1800,1820
0.00422,1819,1800,1820
0.0042116666666666665,1819,1800,1820
0.004203333333333333,1819,1800,1820
0.004195,1819,1800,1820
0.004186666666666667,1819,1800,1820
0.004178333333333333,1819,1800,1820
0.00417,1820,1800,1830
0.004160833333333333,1820,1800,1830
0.004151666666666666,1820,1800,1830
0.0041425,1820,1800,1830
0.0041333333333333335,1820,1800,1830
0.004124166666666667,1820,1800,1830
0.004115000000000001,1820,1800,1830
0.004105833333333334,1820,1800,1830
0.004096666666666667,1820,1800,1830
0.0040875,1820,1800,1830
0.004078333333333333,1820,1800,1830
0.004069166666666667,1820,1800,1830
0.00406,1821,1800,1830
0.004050833333333333,1821,1800,1830
0.004041666666666667,1821,1800,1830
0.0040325000000000005,1821,1800,1830
0.004023333333333334,1821,1800,1830
0.004014166666666667,1821,1800,1830
0.004005,1821,1800,1830
0.003995833333333334,1821,1800,1830
0.003986666666666667,1821,1800,1830
0.0039775,1821,1800,1830
0.003968333333333334,1821,1800,1830
0.003959166666666667,1821,1800,1830
0.00395,1822,1800,1830
0.0039408333333333335,1822,1800,1830
0.003931666666666667,1822,1800,1830
0.003922500000000001,1822,1800,1830
0.003913333333333334,1822,1800,1830
0.003904166666666667,1822,1800,1830
0.003895,1822,1800,1830
0.0038858333333333336,1822,1800,1830
0.0038766666666666667,1822,1800,1830
0.0038675000000000003,1822,1800,1830
0.0038583333333333334,1822,1800,1830
0.003849166666666667,1822,1800,1830
0.00384,1823,1800,1830
0.0038308333333333332,1823,1800,1830
0.003821666666666667,1823,1800,1830
0.0038125,1823,1800,1830
0.0038033333333333335,1823,1800,1830
0.0037941666666666666,1823,1800,1830
0.003785,1823,1800,1830
0.0037758333333333333,1823,1800,1830
0.0037666666666666664,1823,1800,1830
0.0037575,1823,1800,1830
0.003748333333333333,1823,1800,1830
0.0037391666666666667,1823,1800,1830
0.00373,1824,1800,1830
0.003720833333333333,1824,1800,1830
0.0037116666666666665,1824,1800,1830
0.0037025,1824,1800,1830
0.003693333333333333,1824,1800,1830
0.0036841666666666663,1824,1800,1830
0.003675,1824,1800,1830
0.0036658333333333334,1824,1800,1830
0.0036566666666666666,1824,1800,1830
0.0036474999999999997,1824,1800,1830
0.0036383333333333333,1824,1800,1830
0.003629166666666667,1824,1800,1830
0.00362,1825,1800,1830
0.00361,1825,1800,1830
0.0036,1825,1800,1830
0.00359,1825,1800,1830
0.00358,1825,1800,1830
0.00357,1825,1800,1830
0.00356,1825,1800,1830
0.00355,1825,1800,1830
0.00354,1825,1800,1830
0.00353,1825,1800,1830
0.00352,1825,1800,1830
0.00351,1825,1800,1830
0.0035,1826,1800,1830
0.003490833333333333,1826,1800,1830
0.0034816666666666668,1826,1800,1830
0.0034725,1826,1800,1830
0.0034633333333333335,1826,1800,1830
0.0034541666666666666,1826,1800,1830
0.003445,1826,1800,1830
0.0034358333333333333,1826,1800,1830
0.0034266666666666664,1826,1800,1830
0.0034175,1826,1800,1830
0.003408333333333333,1826,1800,1830
0.0033991666666666667,1826,1800,1830
0.00339,1827,1800,1830
0.0033799999999999998,1827,1800,1830
0.0033699999999999997,1827,1800,1830
0.0033599999999999997,1827,1800,1830
0.0033499999999999997,1827,1800,1830
0.0033399999999999997,1827,1800,1830
0.0033299999999999996,1827,1800,1830
0.00332,1827,1800,1830
0.00331,1827,1800,1830
0.0033,1827,1800,1830
0.00329,1827,1800,1830
0.00328,1827,1800,1830
0.00327,1828,1800,1830
0.0032608333333333335,1828,1800,1830
0.0032516666666666666,1828,1800,1830
0.0032424999999999997,1828,1800,1830
0.0032333333333333333,1828,1800,1830
0.003224166666666667,1828,1800,1830
0.003215,1828,1800,1830
0.003205833333333333,1828,1800,1830
0.0031966666666666667,1828,1800,1830
0.0031875000000000002,1828,1800,1830
0.0031783333333333334,1828,1800,1830
0.0031691666666666665,1828,1800,1830
0.00316,1829,1800,1830
0.0031508333333333336,1829,1800,1830
0.0031416666666666667,1829,1800,1830
0.0031325,1829,1800,1830
0.0031233333333333334,1829,1800,1830
0.003114166666666667,1829,1800,1830
0.003105,1829,1800,1830
0.0030958333333333332,1829,1800,1830
0.003086666666666667,1829,1800,1830
0.0030775000000000004,1829,1800,1830
0.0030683333333333335,1829,1800,1830
0.0030591666666666666,1829,1800,1830
0.00305,1830,1800,1840
0.0030408333333333333,1830,1800,1840
0.003031666666666667,1830,1800,1840
0.0030225,1830,1800,1840
0.0030133333333333336,1830,1800,1840
0.0030041666666666667,1830,1800,1840
0.0029950000000000003,1830,1800,1840
0.0029858333333333334,1830,1800,1840
0.0029766666666666665,1830,1800,1840
0.0029675,1830,1800,1840
0.002958333333333333,1830,1800,1840
0.0029491666666666668,1830,1800,1840
0.00294,1831,1800,1840
0.002930833333333333,1831,1800,1840
0.0029216666666666666,1831,1800,1840
0.0029125,1831,1800,1840
0.0029033333333333333,1831,1800,1840
0.0028941666666666664,1831,1800,1840
0.002885,1831,1800,1840
0.0028758333333333335,1831,1800,1840
0.0028666666666666667,1831,1800,1840
0.0028575,1831,1800,1840
0.0028483333333333334,1831,1800,1840
0.002839166666666667,1831,1800,1840
0.00283,1832,1800,1840
0.0028216666666666668,1832,1800,1840
0.0028133333333333335,1832,1800,1840
0.002805,1832,1800,1840
0.0027966666666666665,1832,1800,1840
0.002788333333333333,1832,1800,1840
0.00278,1832,1800,1840
0.0027716666666666666,1832,1800,1840
0.0027633333333333334,1832,1800,1840
0.0027549999999999996,1832,1800,1840
0.0027466666666666664,1832,1800,1840
0.002738333333333333,1832,1800,1840
0.00273,1833,1800,1840
0.0027216666666666665,1833,1800,1840
0.0027133333333333332,1833,1800,1840
0.002705,1833,1800,1840
0.0026966666666666667,1833,1800,1840
0.0026883333333333334,1833,1800,1840
0.00268,1833,1800,1840
0.0026716666666666664,1833,1800,1840
0.002663333333333333,1833,1800,1840
0.002655,1833,1800,1840
0.0026466666666666665,1833,1800,1840
0.0026383333333333332,1833,1800,1840
0.00263,1834,1800,1840
0.0026216666666666667,1834,1800,1840
0.0026133333333333334,1834,1800,1840
0.002605,1834,1800,1840
0.002596666666666667,1834,1800,1840
0.0025883333333333335,1834,1800,1840
0.00258,1834,1800,1840
0.0025716666666666665,1834,1800,1840
0.0025633333333333333,1834,1800,1840
0.002555,1834,1800,1840
0.0025466666666666667,1834,1800,1840
0.0025383333333333334,1834,1800,1840
0.00253,1835,1800,1840
0.0025225,1835,1800,1840
0.002515,1835,1800,1840
0.0025075,1835,1800,1840
0.0025,1835,1800,1840
0.0024925,1835,1800,1840
0.0024850000000000002,1835,1800,1840
0.0024775,1835,1800,1840
0.00247,1835,1800,1840
0.0024625,1835,1800,1840
0.0024549999999999997,1835,1800,1840
0.0024475,1835,1800,1840
0.00244,1836,1800,1840
0.0024324999999999998,1836,1800,1840
0.002425,1836,1800,1840
0.0024175,1836,1800,1840
0.00241,1836,1800,1840
0.0024025,1836,1800,1840
0.002395,1836,1800,1840
0.0023875,1836,1800,1840
0.00238,1836,1800,1840
0.0023725,1836,1800,1840
0.002365,1836,1800,1840
0.0023575000000000002,1836,1800,1840
0.00235,1837,1800,1840
0.0023433333333333336,1837,1800,1840
0.0023366666666666666,1837,1800,1840
0.00233,1837,1800,1840
0.0023233333333333335,1837,1800,1840
0.0023166666666666665,1837,1800,1840
0.00231,1837,1800,1840
0.0023033333333333334,1837,1800,1840
0.0022966666666666665,1837,1800,1840
0.00229,1837,1800,1840
0.0022833333333333334,1837,1800,1840
0.0022766666666666664,1837,1800,1840
0.00227,1838,1800,1840
0.0022624999999999998,1838,1800,1840
0.002255,1838,1800,1840
0.0022475,1838,1800,1840
0.00224,1838,1800,1840
0.0022325,1838,1800,1840
0.002225,1838,1800,1840
0.0022175,1838,1800,1840
0.00221,1838,1800,1840
0.0022025,1838,1800,1840
0.002195,1838,1800,1840
0.0021875,1838,1800,1840
0.00218,1839,1800,1840
0.0021733333333333335,1839,1800,1840
0.0021666666666666666,1839,1800,1840
0.00216,1839,1800,1840
0.0021533333333333335,1839,1800,1840
0.0021466666666666665,1839,1800,1840
0.00214,1839,1800,1840
0.0021333333333333334,1839,1800,1840
0.0021266666666666665,1839,1800,1840
0.00212,1839,1800,1840
0.0021133333333333334,1839,1800,1840
0.0021066666666666664,1839,1800,1840
0.0021,1840,1800,1850
0.0020933333333333333,1840,1800,1850
0.0020866666666666664,1840,1800,1850
0.00208,1840,1800,1850
0.0020733333333333333,1840,1800,1850
0.0020666666666666667,1840,1800,1850
0.00206,1840,1800,1850
0.0020533333333333332,1840,1800,1850
0.0020466666666666667,1840,1800,1850
0.00204,1840,1800,1850
0.002033333333333333,1840,1800,1850
0.0020266666666666666,1840,1800,1850
0.00202,1841,1800,1850
0.0020141666666666667,1841,1800,1850
0.0020083333333333333,1841,1800,1850
0.0020025,1841,1800,1850
0.0019966666666666666,1841,1800,1850
0.001990833333333333,1841,1800,1850
0.001985,1841,1800,1850
0.001979166666666667,1841,1800,1850
0.0019733333333333334,1841,1800,1850
0.0019675,1841,1800,1850
0.0019616666666666667,1841,1800,1850
0.0019558333333333333,1841,1800,1850
0.00195,1842,1800,1850
0.0019441666666666665,1842,1800,1850
0.0019383333333333331,1842,1800,1850
0.0019325,1842,1800,1850
0.0019266666666666666,1842,1800,1850
0.0019208333333333332,1842,1800,1850
0.001915,1842,1800,1850
0.0019091666666666667,1842,1800,1850
0.0019033333333333333,1842,1800,1850
0.0018974999999999999,1842,1800,1850
0.0018916666666666665,1842,1800,1850
0.0018858333333333333,1842,1800,1850
0.00188,1843,1800,1850
0.0018741666666666666,1843,1800,1850
0.0018683333333333334,1843,1800,1850
0.0018625,1843,1800,1850
0.0018566666666666666,1843,1800,1850
0.0018508333333333332,1843,1800,1850
0.0018449999999999999,1843,1800,1850
0.0018391666666666667,1843,1800,1850
0.0018333333333333333,1843,1800,1850
0.0018275,1843,1800,1850
0.0018216666666666667,1843,1800,1850
0.0018158333333333334,1843,1800,1850
0.00181,1844,1800,1850
0.001805,1844,1800,1850
0.0018,1844,1800,1850
0.001795,1844,1800,1850
0.00179,1844,1800,1850
0.001785,1844,1800,1850
0.00178,1844,1800,1850
0.001775,1844,1800,1850
0.00177,1844,1800,1850
0.001765,1844,1800,1850
0.00176,1844,1800,1850
0.001755,1844,1800,1850
0.00175,1845,1800,1850
0.0025875,1845,1800,1850
0.003425,1845,1800,1850
0.0042625,1845,1800,1850
0.0051,1845,1800,1850
0.0059375,1845,1800,1850
0.006775,1845,1800,1850
0.0076125,1845,1800,1850
0.008450000000000001,1845,1800,1850
0.0092875,1845,1800,1850
0.010125,1845,1800,1850
0.0109625,1845,1800,1850
0.0118,1846,1800,1850
0.012041666666666666,1846,1800,1850
0.012283333333333334,1846,1800,1850
0.012525,1846,1800,1850
0.012766666666666666,1846,1800,1850
0.013008333333333334,1846,1800,1850
0.01325,1846,1800,1850
0.013491666666666666,1846,1800,1850
0.013733333333333334,1846,1800,1850
0.013975,1846,1800,1850
0.014216666666666666,1846,1800,1850
0.014458333333333333,1846,1800,1850
0.0147,1847,1800,1850
0.014924999999999999,1847,1800,1850
0.01515,1847,1800,1850
0.015375,1847,1800,1850
0.0156,1847,1800,1850
0.015825,1847,1800,1850
0.01605,1847,1800,1850
0.016274999999999998,1847,1800,1850
0.0165,1847,1800,1850
0.016725,1847,1800,1850
0.01695,1847,1800,1850
0.017175,1847,1800,1850
0.0174,1848,1800,1850
0.017599999999999998,1848,1800,1850
0.0178,1848,1800,1850
0.018,1848,1800,1850
0.0182,1848,1800,1850
0.0184,1848,1800,1850
0.0186,1848,1800,1850
0.0188,1848,1800,1850
0.019,1848,1800,1850
0.019200000000000002,1848,1800,1850
0.0194,1848,1800,1850
0.0196,1848,1800,1850
0.0198,1849,1800,1850
0.020116666666666668,1849,1800,1850
0.020433333333333335,1849,1800,1850
0.02075,1849,1800,1850
0.021066666666666668,1849,1800,1850
0.021383333333333334,1849,1800,1850
0.0217,1849,1800,1850
0.022016666666666667,1849,1800,1850
0.022333333333333334,1849,1800,1850
0.02265,1849,1800,1850
0.022966666666666666,1849,1800,1850
0.023283333333333333,1849,1800,1850
0.0236,1850,1800,1860
0.023891666666666665,1850,1800,1860
0.024183333333333334,1850,1800,1860
0.024475,1850,1800,1860
0.024766666666666666,1850,1800,1860
0.025058333333333332,1850,1800,1860
0.025349999999999998,1850,1800,1860
0.025641666666666667,1850,1800,1860
0.025933333333333333,1850,1800,1860
0.026225,1850,1800,1860
0.026516666666666668,1850,1800,1860
0.026808333333333333,1850,1800,1860
0.0271,1851,1800,1860
0.027491666666666664,1851,1800,1860
0.027883333333333333,1851,1800,1860
0.028275,1851,1800,1860
0.028666666666666667,1851,1800,1860
0.029058333333333332,1851,1800,1860
0.02945,1851,1800,1860
0.02984166666666667,1851,1800,1860
0.030233333333333334,1851,1800,1860
0.030625,1851,1800,1860
0.031016666666666668,1851,1800,1860
0.03140833333333334,1851,1800,1860
0.0318,1852,1800,1860
0.03228333333333334,1852,1800,1860
0.032766666666666666,1852,1800,1860
0.03325,1852,1800,1860
0.03373333333333334,1852,1800,1860
0.034216666666666666,1852,1800,1860
0.0347,1852,1800,1860
0.03518333333333334,1852,1800,1860
0.035666666666666666,1852,1800,1860
0.03615,1852,1800,1860
0.03663333333333334,1852,1800,1860
0.037116666666666666,1852,1800,1860
0.0376,1853,1800,1860
0.038175,1853,1800,1860
0.03875,1853,1800,1860
0.039325,1853,1800,1860
0.0399,1853,1800,1860
0.040475,1853,1800,1860
0.04105,1853,1800,1860
0.041624999999999995,1853,1800,1860
0.0422,1853,1800,1860
0.042775,1853,1800,1860
0.04335,1853,1800,1860
0.043925,1853,1800,1860
0.0445,1854,1800,1860
0.04514166666666666,1854,1800,1860
0.04578333333333333,1854,1800,1860
0.046425,1854,1800,1860
0.047066666666666666,1854,1800,1860
0.04770833333333333,1854,1800,1860
0.048350000000000004,1854,1800,1860
0.04899166666666667,1854,1800,1860
0.049633333333333335,1854,1800,1860
0.050275,1854,1800,1860
0.050916666666666666,1854,1800,1860
0.05155833333333334,1854,1800,1860
0.0522,1855,1800,1860
0.05291666666666667,1855,1800,1860
0.05363333333333334,1855,1800,1860
0.05435,1855,1800,1860
0.05506666666666667,1855,1800,1860
0.05578333333333334,1855,1800,1860
0.0565,1855,1800,1860
0.057216666666666666,1855,1800,1860
0.05793333333333334,1855,1800,1860
0.05865,1855,1800,1860
0.059366666666666665,1855,1800,1860
0.060083333333333336,1855,1800,1860
0.0608,1856,1800,1860
0.061691666666666665,1856,1800,1860
0.06258333333333334,1856,1800,1860
0.063475,1856,1800,1860
0.06436666666666667,1856,1800,1860
0.06525833333333333,1856,1800,1860
0.06615,1856,1800,1860
0.06704166666666667,1856,1800,1860
0.06793333333333333,1856,1800,1860
0.068825,1856,1800,1860
0.06971666666666666,1856,1800,1860
0.07060833333333333,1856,1800,1860
0.0715,1857,1800,1860
0.07264999999999999,1857,1800,1860
0.07379999999999999,1857,1800,1860
0.07494999999999999,1857,1800,1860
0.0761,1857,1800,1860
0.07725,1857,1800,1860
0.0784,1857,1800,1860
0.07955,1857,1800,1860
0.0807,1857,1800,1860
0.08185,1857,1800,1860
0.083,1857,1800,1860
0.08415,1857,1800,1860
0.0853,1858,1800,1860
0.08649166666666666,1858,1800,1860
0.08768333333333334,1858,1800,1860
0.088875,1858,1800,1860
0.09006666666666667,1858,1800,1860
0.09125833333333333,1858,1800,1860
0.09245,1858,1800,1860
0.09364166666666666,1858,1800,1860
0.09483333333333333,1858,1800,1860
0.096025,1858,1800,1860
0.09721666666666666,1858,1800,1860
0.09840833333333333,1858,1800,1860
0.0996,1859,1800,1860
0.10113333333333333,1859,1800,1860
0.10266666666666666,1859,1800,1860
0.10419999999999999,1859,1800,1860
0.10573333333333333,1859,1800,1860
0.10726666666666666,1859,1800,1860
0.1088,1859,1800,1860
0.11033333333333332,1859,1800,1860
0.11186666666666666,1859,1800,1860
0.1134,1859,1800,1860
0.11493333333333333,1859,1800,1860
0.11646666666666666,1859,1800,1860
0.118,1860,1800,1870
0.11975,1860,1800,1870
0.1215,1860,1800,1870
0.12325,1860,1800,1870
0.125,1860,1800,1870
0.12675,1860,1800,1870
0.1285,1860,1800,1870
0.13025,1860,1800,1870
0.132,1860,1800,1870
0.13375,1860,1800,1870
0.1355,1860,1800,1870
0.13725,1860,1800,1870
0.139,1861,1800,1870
0.14133333333333334,1861,1800,1870
0.14366666666666666,1861,1800,1870
0.14600000000000002,1861,1800,1870
0.14833333333333334,1861,1800,1870
0.15066666666666667,1861,1800,1870
0.15300000000000002,1861,1800,1870
0.15533333333333335,1861,1800,1870
0.15766666666666668,1861,1800,1870
0.16,1861,1800,1870
0.16233333333333333,1861,1800,1870
0.16466666666666668,1861,1800,1870
0.167,1862,1800,1870
0.17025,1862,1800,1870
0.17350000000000002,1862,1800,1870
0.17675000000000002,1862,1800,1870
0.18,1862,1800,1870
0.18325,1862,1800,1870
0.1865,1862,1800,1870
0.18975,1862,1800,1870
0.193,1862,1800,1870
0.19624999999999998,1862,1800,1870
0.19949999999999998,1862,1800,1870
0.20274999999999999,1862,1800,1870
0.206,1863,1800,1870
0.209,1863,1800,1870
0.212,1863,1800,1870
0.215,1863,1800,1870
0.218,1863,1800,1870
0.221,1863,1800,1870
0.22399999999999998,1863,1800,1870
0.22699999999999998,1863,1800,1870
0.22999999999999998,1863,1800,1870
0.23299999999999998,1863,1800,1870
0.236,1863,1800,1870
0.239,1863,1800,1870
0.242,1864,1800,1870
0.24583333333333332,1864,1800,1870
0.24966666666666665,1864,1800,1870
0.2535,1864,1800,1870
0.2573333333333333,1864,1800,1870
0.26116666666666666,1864,1800,1870
0.265,1864,1800,1870
0.2688333333333333,1864,1800,1870
0.27266666666666667,1864,1800,1870
0.27649999999999997,1864,1800,1870
0.2803333333333333,1864,1800,1870
0.2841666666666667,1864,1800,1870
0.288,1865,1800,1870
0.29283333333333333,1865,1800,1870
0.29766666666666663,1865,1800,1870
0.3025,1865,1800,1870
0.3073333333333333,1865,1800,1870
0.31216666666666665,1865,1800,1870
0.31699999999999995,1865,1800,1870
0.3218333333333333,1865,1800,1870
0.32666666666666666,1865,1800,1870
0.33149999999999996,1865,1800,1870
0.3363333333333333,1865,1800,1870
0.3411666666666666,1865,1800,1870
0.346,1866,1800,1870
0.3535,1866,1800,1870
0.361,1866,1800,1870
0.3685,1866,1800,1870
0.376,1866,1800,1870
0.3835,1866,1800,1870
0.391,1866,1800,1870
0.39849999999999997,1866,1800,1870
0.40599999999999997,1866,1800,1870
0.4135,1866,1800,1870
0.421,1866,1800,1870
0.4285,1866,1800,1870
0.436,1867,1800,1870
0.42091666666666666,1867,1800,1870
0.4058333333333333,1867,1800,1870
0.39075,1867,1800,1870
0.37566666666666665,1867,1800,1870
0.36058333333333337,1867,1800,1870
0.34550000000000003,1867,1800,1870
0.3304166666666667,1867,1800,1870
0.31533333333333335,1867,1800,1870
0.30025,1867,1800,1870
0.2851666666666667,1867,1800,1870
0.27008333333333334,1867,1800,1870
0.255,1868,1800,1870
0.24891666666666667,1868,1800,1870
0.24283333333333335,1868,1800,1870
0.23675000000000002,1868,1800,1870
0.23066666666666666,1868,1800,1870
0.22458333333333333,1868,1800,1870
0.2185,1868,1800,1870
0.21241666666666667,1868,1800,1870
0.20633333333333334,1868,1800,1870
0.20024999999999998,1868,1800,1870
0.19416666666666665,1868,1800,1870
0.18808333333333332,1868,1800,1870
0.182,1869,1800,1870
0.19358333333333333,1869,1800,1870
0.20516666666666666,1869,1800,1870
0.21675,1869,1800,1870
0.22833333333333333,1869,1800,1870
0.23991666666666667,1869,1800,1870
0.2515,1869,1800,1870
0.26308333333333334,1869,1800,1870
0.27466666666666667,1869,1800,1870
0.28625,1869,1800,1870
0.29783333333333334,1869,1800,1870
0.3094166666666667,1869,1800,1870
0.321,1870,1800,1880
0.33266666666666667,1870,1800,1880
0.3443333333333333,1870,1800,1880
0.356,1870,1800,1880
0.3676666666666667,1870,1800,1880
0.37933333333333336,1870,1800,1880
0.391,1870,1800,1880
0.4026666666666667,1870,1800,1880
0.41433333333333333,1870,1800,1880
0.42600000000000005,1870,1800,1880
0.43766666666666665,1870,1800,1880
0.44933333333333336,1870,1800,1880
0.461,1871,1800,1880
0.4618333333333334,1871,1800,1880
0.46266666666666667,1871,1800,1880
0.4635,1871,1800,1880
0.4643333333333333,1871,1800,1880
0.4651666666666667,1871,1800,1880
0.46599999999999997,1871,1800,1880
0.4668333333333333,1871,1800,1880
0.4676666666666667,1871,1800,1880
0.46849999999999997,1871,1800,1880
0.4693333333333333,1871,1800,1880
0.4701666666666666,1871,1800,1880
0.471,1872,1800,1880
0.4655833333333333,1872,1800,1880
0.46016666666666667,1872,1800,1880
0.45475,1872,1800,1880
0.4493333333333333,1872,1800,1880
0.4439166666666667,1872,1800,1880
0.4385,1872,1800,1880
0.4330833333333333,1872,1800,1880
0.4276666666666667,1872,1800,1880
0.42225,1872,1800,1880
0.41683333333333333,1872,1800,1880
0.4114166666666667,1872,1800,1880
0.406,1873,1800,1880
0.4058333333333334,1873,1800,1880
0.4056666666666667,1873,1800,1880
0.4055,1873,1800,1880
0.4053333333333334,1873,1800,1880
0.4051666666666667,1873,1800,1880
0.405,1873,1800,1880
0.4048333333333334,1873,1800,1880
0.4046666666666667,1873,1800,1880
0.4045,1873,1800,1880
0.4043333333333334,1873,1800,1880
0.4041666666666667,1873,1800,1880
0.404,1874,1800,1880
0.40875,1874,1800,1880
0.41350000000000003,1874,1800,1880
0.41825,1874,1800,1880
0.42300000000000004,1874,1800,1880
0.42775,1874,1800,1880
0.4325,1874,1800,1880
0.43725,1874,1800,1880
0.442,1874,1800,1880
0.44675000000000004,1874,1800,1880
0.4515,1874,1800,1880
0.45625000000000004,1874,1800,1880
0.461,1875,1800,1880
0.46008333333333334,1875,1800,1880
0.45916666666666667,1875,1800,1880
0.45825000000000005,1875,1800,1880
0.45733333333333337,1875,1800,1880
0.4564166666666667,1875,1800,1880
0.4555,1875,1800,1880
0.45458333333333334,1875,1800,1880
0.45366666666666666,1875,1800,1880
0.45275,1875,1800,1880
0.45183333333333336,1875,1800,1880
0.4509166666666667,1875,1800,1880
0.45,1876,1800,1880
0.45283333333333337,1876,1800,1880
0.45566666666666666,1876,1800,1880
0.4585,1876,1800,1880
0.4613333333333333,1876,1800,1880
0.46416666666666667,1876,1800,1880
0.46699999999999997,1876,1800,1880
0.4698333333333333,1876,1800,1880
0.4726666666666667,1876,1800,1880
0.4755,1876,1800,1880
0.47833333333333333,1876,1800,1880
0.48116666666666663,1876,1800,1880
0.484,1877,1800,1880
0.48166666666666663,1877,1800,1880
0.47933333333333333,1877,1800,1880
0.477,1877,1800,1880
0.4746666666666667,1877,1800,1880
0.4723333333333333,1877,1800,1880
0.47,1877,1800,1880
0.4676666666666667,1877,1800,1880
0.4653333333333333,1877,1800,1880
0.463,1877,1800,1880
0.46066666666666667,1877,1800,1880
0.45833333333333337,1877,1800,1880
0.456,1878,1800,1880
0.46033333333333337,1878,1800,1880
0.4646666666666667,1878,1800,1880
0.46900000000000003,1878,1800,1880
0.47333333333333333,1878,1800,1880
0.4776666666666667,1878,1800,1880
0.482,1878,1800,1880
0.48633333333333334,1878,1800,1880
0.4906666666666667,1878,1800,1880
0.495,1878,1800,1880
0.49933333333333335,1878,1800,1880
0.5036666666666667,1878,1800,1880
0.508,1879,1800,1880
0.5656666666666667,1879,1800,1880
0.6233333333333333,1879,1800,1880
0.681,1879,1800,1880
0.7386666666666667,1879,1800,1880
0.7963333333333333,1879,1800,1880
0.854,1879,1800,1880
0.9116666666666666,1879,1800,1880
0.9693333333333334,1879,1800,1880
1.0270000000000001,1879,1800,1880
1.0846666666666667,1879,1800,1880
1.1423333333333332,1879,1800,1880
1.2,1880,1800,1890
1.2058333333333333,1880,1800,1890
1.2116666666666667,1880,1800,1890
1.2175,1880,1800,1890
1.2233333333333334,1880,1800,1890
1.2291666666666667,1880,1800,1890
1.2349999999999999,1880,1800,1890
1.2408333333333332,1880,1800,1890
1.2466666666666666,1880,1800,1890
1.2525,1880,1800,1890
1.2583333333333333,1880,1800,1890
1.2641666666666667,1880,1800,1890
1.27,1881,1800,1890
1.2875,1881,1800,1890
1.305,1881,1800,1890
1.3225,1881,1800,1890
1.34,1881,1800,1890
1.3575,1881,1800,1890
1.375,1881,1800,1890
1.3925,1881,1800,1890
1.41,1881,1800,1890
1.4275,1881,1800,1890
1.445,1881,1800,1890
1.4625,1881,1800,1890
1.48,1882,1800,1890
1.4933333333333334,1882,1800,1890
1.5066666666666666,1882,1800,1890
1.52,1882,1800,1890
1.5333333333333332,1882,1800,1890
1.5466666666666666,1882,1800,1890
1.56,1882,1800,1890
1.5733333333333333,1882,1800,1890
1.5866666666666667,1882,1800,1890
1.5999999999999999,1882,1800,1890
1.6133333333333333,1882,1800,1890
1.6266666666666665,1882,1800,1890
1.64,1883,1800,1890
1.6591666666666667,1883,1800,1890
1.6783333333333332,1883,1800,1890
1.6975,1883,1800,1890
1.7166666666666666,1883,1800,1890
1.7358333333333333,1883,1800,1890
1.755,1883,1800,1890
1.7741666666666667,1883,1800,1890
1.7933333333333334,1883,1800,1890
1.8125,1883,1800,1890
1.8316666666666668,1883,1800,1890
1.8508333333333333,1883,1800,1890
1.87,1884,1800,1890
1.8625,1884,1800,1890
1.855,1884,1800,1890
1.8475000000000001,1884,1800,1890
1.84,1884,1800,1890
1.8325,1884,1800,1890
1.8250000000000002,1884,1800,1890
1.8175000000000001,1884,1800,1890
1.81,1884,1800,1890
1.8025,1884,1800,1890
1.795,1884,1800,1890
1.7875,1884,1800,1890
1.78,1885,1800,1890
1.7875,1885,1800,1890
1.795,1885,1800,1890
1.8025,1885,1800,1890
1.81,1885,1800,1890
1.8175000000000001,1885,1800,1890
1.8250000000000002,1885,1800,1890
1.8325,1885,1800,1890
1.84,1885,1800,1890
1.8475000000000001,1885,1800,1890
1.855,1885,1800,1890
1.8625,1885,1800,1890
1.87,1886,1800,1890
1.8925,1886,1800,1890
1.915,1886,1800,1890
1.9375,1886,1800,1890
1.9600000000000002,1886,1800,1890
1.9825000000000002,1886,1800,1890
2.005,1886,1800,1890
2.0275000000000003,1886,1800,1890
2.0500000000000003,1886,1800,1890
2.0725000000000002,1886,1800,1890
2.095,1886,1800,1890
2.1175,1886,1800,1890
2.14,1887,1800,1890
2.1925,1887,1800,1890
2.245,1887,1800,1890
2.2975000000000003,1887,1800,1890
2.35,1887,1800,1890
2.4025,1887,1800,1890
2.455,1887,1800,1890
2.5075000000000003,1887,1800,1890
2.56,1887,1800,1890
2.6125,1887,1800,1890
2.665,1887,1800,1890
2.7175000000000002,1887,1800,1890
2.77,1888,1800,1890
2.7333333333333334,1888,1800,1890
2.6966666666666668,1888,1800,1890
2.66,1888,1800,1890
2.6233333333333335,1888,1800,1890
2.586666666666667,1888,1800,1890
2.55,1888,1800,1890
2.5133333333333336,1888,1800,1890
2.4766666666666666,1888,1800,1890
2.44,1888,1800,1890
2.4033333333333333,1888,1800,1890
2.3666666666666667,1888,1800,1890
2.33,1889,1800,1890
2.3466666666666667,1889,1800,1890
2.3633333333333333,1889,1800,1890
2.38,1889,1800,1890
2.3966666666666665,1889,1800,1890
2.413333333333333,1889,1800,1890
2.4299999999999997,1889,1800,1890
2.4466666666666668,1889,1800,1890
2.4633333333333334,1889,1800,1890
2.48,1889,1800,1890
2.4966666666666666,1889,1800,1890
2.513333333333333,1889,1800,1890
2.53,1890,1800,1900
2.5533333333333332,1890,1800,1900
2.5766666666666667,1890,1800,1900
2.5999999999999996,1890,1800,1900
2.623333333333333,1890,1800,1900
2.6466666666666665,1890,1800,1900
2.67,1890,1800,1900
2.6933333333333334,1890,1800,1900
2.716666666666667,1890,1800,1900
2.74,1890,1800,1900
2.763333333333333,1890,1800,1900
2.7866666666666666,1890,1800,1900
2.81,1891,1800,1900
2.8075,1891,1800,1900
2.805,1891,1800,1900
2.8025,1891,1800,1900
2.8,1891,1800,1900
2.7975,1891,1800,1900
2.795,1891,1800,1900
2.7925,1891,1800,1900
2.79,1891,1800,1900
2.7874999999999996,1891,1800,1900
2.7849999999999997,1891,1800,1900
2.7824999999999998,1891,1800,1900
2.78,1892,1800,1900
2.793333333333333,1892,1800,1900
2.8066666666666666,1892,1800,1900
2.82,1892,1800,1900
2.833333333333333,1892,1800,1900
2.8466666666666667,1892,1800,1900
2.86,1892,1800,1900
2.873333333333333,1892,1800,1900
2.8866666666666667,1892,1800,1900
2.9,1892,1800,1900
2.913333333333333,1892,1800,1900
2.9266666666666667,1892,1800,1900
2.94,1893,1800,1900
2.9266666666666667,1893,1800,1900
2.913333333333333,1893,1800,1900
2.9,1893,1800,1900
2.8866666666666667,1893,1800,1900
2.873333333333333,1893,1800,1900
2.86,1893,1800,1900
2.8466666666666667,1893,1800,1900
2.833333333333333,1893,1800,1900
2.82,1893,1800,1900
2.8066666666666666,1893,1800,1900
2.793333333333333,1893,1800,1900
2.78,1894,1800,1900
2.7666666666666666,1894,1800,1900
2.753333333333333,1894,1800,1900
2.7399999999999998,1894,1800,1900
2.7266666666666666,1894,1800,1900
2.7133333333333334,1894,1800,1900
2.7,1894,1800,1900
2.6866666666666665,1894,1800,1900
2.6733333333333333,1894,1800,1900
2.66,1894,1800,1900
2.6466666666666665,1894,1800,1900
2.6333333333333333,1894,1800,1900
2.62,1895,1800,1900
2.6358333333333333,1895,1800,1900
2.651666666666667,1895,1800,1900
2.6675,1895,1800,1900
2.6833333333333336,1895,1800,1900
2.6991666666666667,1895,1800,1900
2.715,1895,1800,1900
2.7308333333333334,1895,1800,1900
2.7466666666666666,1895,1800,1900
2.7625,1895,1800,1900
2.7783333333333333,1895,1800,1900
2.794166666666667,1895,1800,1900
2.81,1896,1800,1900
2.8091666666666666,1896,1800,1900
2.8083333333333336,1896,1800,1900
2.8075,1896,1800,1900
2.8066666666666666,1896,1800,1900
2.805833333333333,1896,1800,1900
2.8049999999999997,1896,1800,1900
2.8041666666666667,1896,1800,1900
2.8033333333333332,1896,1800,1900
2.8024999999999998,1896,1800,1900
2.8016666666666667,1896,1800,1900
2.8008333333333333,1896,1800,1900
2.8,1897,1800,1900
2.8116666666666665,1897,1800,1900
2.8233333333333333,1897,1800,1900
2.835,1897,1800,1900
2.8466666666666667,1897,1800,1900
2.8583333333333334,1897,1800,1900
2.87,1897,1800,1900
2.8816666666666664,1897,1800,1900
2.893333333333333,1897,1800,1900
2.905,1897,1800,1900
2.9166666666666665,1897,1800,1900
2.9283333333333332,1897,1800,1900
2.94,1898,1800,1900
2.9891666666666667,1898,1800,1900
3.038333333333333,1898,1800,1900
3.0875,1898,1800,1900
3.1366666666666667,1898,1800,1900
3.185833333333333,1898,1800,1900
3.235,1898,1800,1900
3.2841666666666667,1898,1800,1900
3.333333333333333,1898,1800,1900
3.3825,1898,1800,1900
3.4316666666666666,1898,1800,1900
3.480833333333333,1898,1800,1900
3.53,1899,1800,1900
3.5466666666666664,1899,1800,1900
3.563333333333333,1899,1800,1900
3.58,1899,1800,1900
3.5966666666666667,1899,1800,1900
3.6133333333333333,1899,1800,1900
3.63,1899,1800,1900
3.6466666666666665,1899,1800,1900
3.663333333333333,1899,1800,1900
3.6799999999999997,1899,1800,1900
3.6966666666666668,1899,1800,1900
3.7133333333333334,1899,1800,1900
3.73,1900,1900,1910
3.7725,1900,1900,1910
3.815,1900,1900,1910
3.8575,1900,1900,1910
3.9,1900,1900,1910
3.9425,1900,1900,1910
3.9850000000000003,1900,1900,1910
4.0275,1900,1900,1910
4.07,1900,1900,1910
4.1125,1900,1900,1910
4.155,1900,1900,1910
4.1975,1900,1900,1910
4.24,1901,1900,1910
4.260833333333333,1901,1900,1910
4.281666666666667,1901,1900,1910
4.3025,1901,1900,1910
4.323333333333333,1901,1900,1910
4.344166666666667,1901,1900,1910
4.365,1901,1900,1910
4.385833333333333,1901,1900,1910
4.406666666666667,1901,1900,1910
4.4275,1901,1900,1910
4.448333333333333,1901,1900,1910
4.469166666666667,1901,1900,1910
4.49,1902,1900,1910
4.514166666666667,1902,1900,1910
4.538333333333334,1902,1900,1910
4.5625,1902,1900,1910
4.586666666666667,1902,1900,1910
4.610833333333334,1902,1900,1910
4.635,1902,1900,1910
4.659166666666667,1902,1900,1910
4.683333333333334,1902,1900,1910
4.7075000000000005,1902,1900,1910
4.731666666666667,1902,1900,1910
4.755833333333333,1902,1900,1910
4.78,1903,1900,1910
4.84,1903,1900,1910
4.9,1903,1900,1910
4.96,1903,1900,1910
5.0200000000000005,1903,1900,1910
5.08,1903,1900,1910
5.140000000000001,1903,1900,1910
5.2,1903,1900,1910
5.26,1903,1900,1910
5.32,1903,1900,1910
5.38,1903,1900,1910
5.4399999999999995,1903,1900,1910
5.5,1904,1900,1910
5.5183333333333335,1904,1900,1910
5.536666666666667,1904,1900,1910
5.555,1904,1900,1910
5.573333333333333,1904,1900,1910
5.591666666666667,1904,1900,1910
5.609999999999999,1904,1900,1910
5.628333333333333,1904,1900,1910
5.6466666666666665,1904,1900,1910
5.665,1904,1900,1910
5.683333333333334,1904,1900,1910
5.701666666666666,1904,1900,1910
5.72,1905,1900,1910
5.7325,1905,1900,1910
5.745,1905,1900,1910
5.7575,1905,1900,1910
5.77,1905,1900,1910
5.7825,1905,1900,1910
5.795,1905,1900,1910
5.8075,1905,1900,1910
5.82,1905,1900,1910
5.8325,1905,1900,1910
5.845,1905,1900,1910
5.8575,1905,1900,1910
5.87,1906,1900,1910
5.979166666666667,1906,1900,1910
6.088333333333333,1906,1900,1910
6.1975,1906,1900,1910
6.306666666666667,1906,1900,1910
6.4158333333333335,1906,1900,1910
6.525,1906,1900,1910
6.634166666666666,1906,1900,1910
6.743333333333333,1906,1900,1910
6.8525,1906,1900,1910
6.961666666666666,1906,1900,1910
7.070833333333333,1906,1900,1910
7.18,1907,1900,1910
7.166666666666666,1907,1900,1910
7.153333333333333,1907,1900,1910
7.14,1907,1900,1910
7.126666666666666,1907,1900,1910
7.113333333333333,1907,1900,1910
7.1,1907,1900,1910
7.086666666666666,1907,1900,1910
7.073333333333333,1907,1900,1910
7.06,1907,1900,1910
7.046666666666666,1907,1900,1910
7.033333333333333,1907,1900,1910
7.02,1908,1900,1910
6.977499999999999,1908,1900,1910
6.935,1908,1900,1910
6.8925,1908,1900,1910
6.85,1908,1900,1910
6.807499999999999,1908,1900,1910
6.765,1908,1900,1910
6.7225,1908,1900,1910
6.68,1908,1900,1910
6.637499999999999,1908,1900,1910
6.595,1908,1900,1910
6.5525,1908,1900,1910
6.51,1909,1900,1910
6.5675,1909,1900,1910
6.625,1909,1900,1910
6.6825,1909,1900,1910
6.74,1909,1900,1910
6.7975,1909,1900,1910
6.855,1909,1900,1910
6.9125,1909,1900,1910
6.97,1909,1900,1910
7.0275,1909,1900,1910
7.085,1909,1900,1910
7.1425,1909,1900,1910
7.2,1910,1900,1920
7.281666666666667,1910,1900,1920
7.363333333333333,1910,1900,1920
7.445,1910,1900,1920
7.526666666666666,1910,1900,1920
7.608333333333333,1910,1900,1920
7.6899999999999995,1910,1900,1920
7.7716666666666665,1910,1900,1920
7.8533333333333335,1910,1900,1920
7.935,1910,1900,1920
8.016666666666666,1910,1900,1920
8.098333333333333,1910,1900,1920
8.18,1911,1900,1920
8.236666666666666,1911,1900,1920
8.293333333333333,1911,1900,1920
8.35,1911,1900,1920
8.406666666666666,1911,1900,1920
8.463333333333333,1911,1900,1920
8.52,1911,1900,1920
8.576666666666666,1911,1900,1920
8.633333333333333,1911,1900,1920
8.69,1911,1900,1920
8.746666666666666,1911,1900,1920
8.803333333333333,1911,1900,1920
8.86,1912,1900,1920
8.963333333333333,1912,1900,1920
9.066666666666666,1912,1900,1920
9.17,1912,1900,1920
9.273333333333333,1912,1900,1920
9.376666666666667,1912,1900,1920
9.48,1912,1900,1920
9.583333333333332,1912,1900,1920
9.686666666666666,1912,1900,1920
9.79,1912,1900,1920
9.893333333333333,1912,1900,1920
9.996666666666666,1912,1900,1920
10.1,1913,1900,1920
9.969166666666666,1913,1900,1920
9.838333333333333,1913,1900,1920
9.7075,1913,1900,1920
9.576666666666666,1913,1900,1920
9.445833333333333,1913,1900,1920
9.315,1913,1900,1920
9.184166666666666,1913,1900,1920
9.053333333333333,1913,1900,1920
8.9225,1913,1900,1920
8.791666666666666,1913,1900,1920
8.660833333333333,1913,1900,1920
8.53,1914,1900,1920
8.445,1914,1900,1920
8.36,1914,1900,1920
8.274999999999999,1914,1900,1920
8.19,1914,1900,1920
8.105,1914,1900,1920
8.02,1914,1900,1920
7.935,1914,1900,1920
7.85,1914,1900,1920
7.765,1914,1900,1920
7.68,1914,1900,1920
7.595,1914,1900,1920
7.51,1915,1900,1920
7.661666666666666,1915,1900,1920
7.8133333333333335,1915,1900,1920
7.965,1915,1900,1920
8.116666666666667,1915,1900,1920
8.268333333333333,1915,1900,1920
8.42,1915,1900,1920
8.571666666666667,1915,1900,1920
8.723333333333333,1915,1900,1920
8.875,1915,1900,1920
9.026666666666667,1915,1900,1920
9.178333333333333,1915,1900,1920
9.33,1916,1900,1920
9.410833333333333,1916,1900,1920
9.491666666666667,1916,1900,1920
9.5725,1916,1900,1920
9.653333333333334,1916,1900,1920
9.734166666666667,1916,1900,1920
9.815000000000001,1916,1900,1920
9.895833333333334,1916,1900,1920
9.976666666666667,1916,1900,1920
10.057500000000001,1916,1900,1920
10.138333333333334,1916,1900,1920
10.219166666666668,1916,1900,1920
10.3,1917,1900,1920
10.333333333333334,1917,1900,1920
10.366666666666667,1917,1900,1920
10.4,1917,1900,1920
10.433333333333334,1917,1900,1920
10.466666666666667,1917,1900,1920
10.5,1917,1900,1920
10.533333333333333,1917,1900,1920
10.566666666666666,1917,1900,1920
10.6,1917,1900,1920
10.633333333333333,1917,1900,1920
10.666666666666666,1917,1900,1920
10.7,1918,1900,1920
10.550833333333333,1918,1900,1920
10.401666666666666,1918,1900,1920
10.2525,1918,1900,1920
10.103333333333333,1918,1900,1920
9.954166666666666,1918,1900,1920
9.805,1918,1900,1920
9.655833333333334,1918,1900,1920
9.506666666666666,1918,1900,1920
9.3575,1918,1900,1920
9.208333333333334,1918,1900,1920
9.059166666666666,1918,1900,1920
8.91,1919,1900,1920
8.970833333333333,1919,1900,1920
9.031666666666666,1919,1900,1920
9.092500000000001,1919,1900,1920
9.153333333333334,1919,1900,1920
9.214166666666667,1919,1900,1920
9.275,1919,1900,1920
9.335833333333333,1919,1900,1920
9.396666666666667,1919,1900,1920
9.4575,1919,1900,1920
9.518333333333334,1919,1900,1920
9.579166666666667,1919,1900,1920
9.64,1920,1900,1930
9.585,1920,1900,1930
9.530000000000001,1920,1900,1930
9.475000000000001,1920,1900,1930
9.42,1920,1900,1930
9.365,1920,1900,1930
9.31,1920,1900,1930
9.255,1920,1900,1930
9.200000000000001,1920,1900,1930
9.145,1920,1900,1930
9.09,1920,1900,1930
9.035,1920,1900,1930
8.98,1921,1900,1930
8.865,1921,1900,1930
8.75,1921,1900,1930
8.635,1921,1900,1930
8.52,1921,1900,1930
8.405,1921,1900,1930
8.29,1921,1900,1930
8.175,1921,1900,1930
8.06,1921,1900,1930
7.945,1921,1900,1930
7.83,1921,1900,1930
7.715,1921,1900,1930
7.6,1922,1900,1930
7.808333333333333,1922,1900,1930
8.016666666666666,1922,1900,1930
8.225,1922,1900,1930
8.433333333333334,1922,1900,1930
8.641666666666666,1922,1900,1930
8.85,1922,1900,1930
9.058333333333334,1922,1900,1930
9.266666666666666,1922,1900,1930
9.475,1922,1900,1930
9.683333333333334,1922,1900,1930
9.891666666666666,1922,1900,1930
10.1,1923,1900,1930
9.9475,1923,1900,1930
9.795,1923,1900,1930
9.6425,1923,1900,1930
9.49,1923,1900,1930
9.3375,1923,1900,1930
9.184999999999999,1923,1900,1930
9.032499999999999,1923,1900,1930
8.879999999999999,1923,1900,1930
8.7275,1923,1900,1930
8.575,1923,1900,1930
8.4225,1923,1900,1930
8.27,1924,1900,1930
8.24,1924,1900,1930
8.209999999999999,1924,1900,1930
8.18,1924,1900,1930
8.15,1924,1900,1930
8.12,1924,1900,1930
8.09,1924,1900,1930
8.06,1924,1900,1930
8.03,1924,1900,1930
8.0,1924,1900,1930
7.97,1924,1900,1930
7.94,1924,1900,1930
7.91,1925,1900,1930
7.98,1925,1900,1930
8.05,1925,1900,1930
8.120000000000001,1925,1900,1930
8.19,1925,1900,1930
8.26,1925,1900,1930
8.33,1925,1900,1930
8.4,1925,1900,1930
8.47,1925,1900,1930
8.54,1925,1900,1930
8.61,1925,1900,1930
8.68,1925,1900,1930
8.75,1926,1900,1930
8.7975,1926,1900,1930
8.845,1926,1900,1930
8.8925,1926,1900,1930
8.94,1926,1900,1930
8.9875,1926,1900,1930
9.035,1926,1900,1930
9.0825,1926,1900,1930
9.13,1926,1900,1930
9.1775,1926,1900,1930
9.225,1926,1900,1930
9.2725,1926,1900,1930
9.32,1927,1900,1930
9.32,1927,1900,1930
9.32,1927,1900,1930
9.32,1927,1900,1930
9.32,1927,1900,1930
9.32,1927,1900,1930
9.32,1927,1900,1930
9.32,1927,1900,1930
9.32,1927,1900,1930
9.32,1927,1900,1930
9.32,1927,1900,1930
9.32,1927,1900,1930
9.32,1928,1900,1930
9.348333333333333,1928,1900,1930
9.376666666666667,1928,1900,1930
9.405000000000001,1928,1900,1930
9.433333333333334,1928,1900,1930
9.461666666666666,1928,1900,1930
9.49,1928,1900,1930
9.518333333333334,1928,1900,1930
9.546666666666667,1928,1900,1930
9.575,1928,1900,1930
9.603333333333333,1928,1900,1930
9.631666666666668,1928,1900,1930
9.66,1929,1900,1930
9.608333333333334,1929,1900,1930
9.556666666666667,1929,1900,1930
9.504999999999999,1929,1900,1930
9.453333333333333,1929,1900,1930
9.401666666666667,1929,1900,1930
9.35,1929,1900,1930
9.298333333333332,1929,1900,1930
9.246666666666666,1929,1900,1930
9.195,1929,1900,1930
9.143333333333333,1929,1900,1930
9.091666666666665,1929,1900,1930
9.04,1930,1900,1940
8.882499999999999,1930,1900,1940
8.725,1930,1900,1940
8.567499999999999,1930,1900,1940
8.41,1930,1900,1940
8.2525,1930,1900,1940
8.094999999999999,1930,1900,1940
7.9375,1930,1900,1940
7.78,1930,1900,1940
7.6225000000000005,1930,1900,1940
7.465,1930,1900,1940
7.3075,1930,1900,1940
7.15,1931,1900,1940
7.098333333333334,1931,1900,1940
7.046666666666667,1931,1900,1940
6.995,1931,1900,1940
6.943333333333333,1931,1900,1940
6.891666666666667,1931,1900,1940
6.84,1931,1900,1940
6.788333333333334,1931,1900,1940
6.736666666666667,1931,1900,1940
6.6850000000000005,1931,1900,1940
6.633333333333334,1931,1900,1940
6.581666666666667,1931,1900,1940
6.53,1932,1900,1940
6.5183333333333335,1932,1900,1940
6.506666666666667,1932,1900,1940
6.495,1932,1900,1940
6.483333333333333,1932,1900,1940
6.471666666666667,1932,1900,1940
6.46,1932,1900,1940
6.448333333333333,1932,1900,1940
6.4366666666666665,1932,1900,1940
6.425,1932,1900,1940
6.413333333333333,1932,1900,1940
6.401666666666666,1932,1900,1940
6.39,1933,1900,1940
6.464166666666666,1933,1900,1940
6.538333333333333,1933,1900,1940
6.6125,1933,1900,1940
6.6866666666666665,1933,1900,1940
6.760833333333333,1933,1900,1940
6.835,1933,1900,1940
6.909166666666667,1933,1900,1940
6.983333333333333,1933,1900,1940
7.0575,1933,1900,1940
7.131666666666667,1933,1900,1940
7.2058333333333335,1933,1900,1940
7.28,1934,1900,1940
7.265833333333333,1934,1900,1940
7.251666666666667,1934,1900,1940
7.237500000000001,1934,1900,1940
7.223333333333334,1934,1900,1940
7.2091666666666665,1934,1900,1940
7.195,1934,1900,1940
7.180833333333334,1934,1900,1940
7.166666666666667,1934,1900,1940
7.1525,1934,1900,1940
7.138333333333334,1934,1900,1940
7.124166666666667,1934,1900,1940
7.11,1935,1900,1940
7.159166666666667,1935,1900,1940
7.208333333333334,1935,1900,1940
7.2575,1935,1900,1940
7.306666666666667,1935,1900,1940
7.355833333333334,1935,1900,1940
7.405,1935,1900,1940
7.454166666666667,1935,1900,1940
7.503333333333334,1935,1900,1940
7.5525,1935,1900,1940
7.601666666666667,1935,1900,1940
7.650833333333334,1935,1900,1940
7.7,1936,1900,1940
7.7475000000000005,1936,1900,1940
7.795,1936,1900,1940
7.8425,1936,1900,1940
7.89,1936,1900,1940
7.9375,1936,1900,1940
7.984999999999999,1936,1900,1940
8.0325,1936,1900,1940
8.08,1936,1900,1940
8.1275,1936,1900,1940
8.174999999999999,1936,1900,1940
8.2225,1936,1900,1940
8.27,1937,1900,1940
8.205833333333333,1937,1900,1940
8.141666666666666,1937,1900,1940
8.0775,1937,1900,1940
8.013333333333334,1937,1900,1940
7.949166666666667,1937,1900,1940
7.885,1937,1900,1940
7.820833333333333,1937,1900,1940
7.756666666666667,1937,1900,1940
7.6925,1937,1900,1940
7.628333333333333,1937,1900,1940
7.564166666666667,1937,1900,1940
7.5,1938,1900,1940
7.5625,1938,1900,1940
7.625,1938,1900,1940
7.6875,1938,1900,1940
7.75,1938,1900,1940
7.8125,1938,1900,1940
7.875,1938,1900,1940
7.9375,1938,1900,1940
8.0,1938,1900,1940
8.0625,1938,1900,1940
8.125,1938,1900,1940
8.1875,1938,1900,1940
8.25,1939,1900,1940
8.34,1939,1900,1940
8.43,1939,1900,1940
8.52,1939,1900,1940
8.61,1939,1900,1940
8.7,1939,1900,1940
8.79,1939,1900,1940
8.88,1939,1900,1940
8.97,1939,1900,1940
9.06,1939,1900,1940
9.15,1939,1900,1940
9.24,1939,1900,1940
9.33,1940,1900,1950
9.4025,1940,1900,1950
9.475,1940,1900,1950
9.5475,1940,1900,1950
9.62,1940,1900,1950
9.692499999999999,1940,1900,1950
9.765,1940,1900,1950
9.8375,1940,1900,1950
9.91,1940,1900,1950
9.9825,1940,1900,1950
10.055,1940,1900,1950
10.1275,1940,1900,1950
10.2,1941,1900,1950
10.266666666666666,1941,1900,1950
10.333333333333332,1941,1900,1950
10.399999999999999,1941,1900,1950
10.466666666666667,1941,1900,1950
10.533333333333333,1941,1900,1950
10.6,1941,1900,1950
10.666666666666666,1941,1900,1950
10.733333333333333,1941,1900,1950
10.8,1941,1900,1950
10.866666666666667,1941,1900,1950
10.933333333333334,1941,1900,1950
11.0,1942,1900,1950
11.033333333333333,1942,1900,1950
11.066666666666666,1942,1900,1950
11.1,1942,1900,1950
11.133333333333333,1942,1900,1950
11.166666666666666,1942,1900,1950
11.2,1942,1900,1950
11.233333333333334,1942,1900,1950
11.266666666666667,1942,1900,1950
11.3,1942,1900,1950
11.333333333333334,1942,1900,1950
11.366666666666667,1942,1900,1950
11.4,1943,1900,1950
11.408333333333333,1943,1900,1950
11.416666666666668,1943,1900,1950
11.425,1943,1900,1950
11.433333333333334,1943,1900,1950
11.441666666666666,1943,1900,1950
11.45,1943,1900,1950
11.458333333333334,1943,1900,1950
11.466666666666667,1943,1900,1950
11.475,1943,1900,1950
11.483333333333334,1943,1900,1950
11.491666666666667,1943,1900,1950
11.5,1944,1900,1950
11.416666666666666,1944,1900,1950
11.333333333333334,1944,1900,1950
11.25,1944,1900,1950
11.166666666666666,1944,1900,1950
11.083333333333334,1944,1900,1950
11.0,1944,1900,1950
10.916666666666666,1944,1900,1950
10.833333333333334,1944,1900,1950
10.75,1944,1900,1950
10.666666666666666,1944,1900,1950
10.583333333333334,1944,1900,1950
10.5,1945,1900,1950
10.541666666666666,1945,1900,1950
10.583333333333334,1945,1900,1950
10.625,1945,1900,1950
10.666666666666666,1945,1900,1950
10.708333333333334,1945,1900,1950
10.75,1945,1900,1950
10.791666666666666,1945,1900,1950
10.833333333333334,1945,1900,1950
10.875,1945,1900,1950
10.916666666666666,1945,1900,1950
10.958333333333334,1945,1900,1950
11.0,1946,1900,1950
11.016666666666666,1946,1900,1950
11.033333333333333,1946,1900,1950
11.05,1946,1900,1950
11.066666666666666,1946,1900,1950
11.083333333333332,1946,1900,1950
11.1,1946,1900,1950
11.116666666666667,1946,1900,1950
11.133333333333333,1946,1900,1950
11.149999999999999,1946,1900,1950
11.166666666666666,1946,1900,1950
11.183333333333334,1946,1900,1950
11.2,1947,1900,1950
11.274999999999999,1947,1900,1950
11.35,1947,1900,1950
11.424999999999999,1947,1900,1950
11.5,1947,1900,1950
11.575,1947,1900,1950
11.649999999999999,1947,1900,1950
11.725,1947,1900,1950
11.799999999999999,1947,1900,1950
11.875,1947,1900,1950
11.95,1947,1900,1950
12.025,1947,1900,1950
12.1,1948,1900,1950
11.991666666666667,1948,1900,1950
11.883333333333333,1948,1900,1950
11.775,1948,1900,1950
11.666666666666666,1948,1900,1950
11.558333333333334,1948,1900,1950
11.45,1948,1900,1950
11.341666666666667,1948,1900,1950
11.233333333333334,1948,1900,1950
11.125,1948,1900,1950
11.016666666666667,1948,1900,1950
10.908333333333335,1948,1900,1950
10.8,1949,1900,1950
10.833333333333334,1949,1900,1950
10.866666666666667,1949,1900,1950
10.9,1949,1900,1950
10.933333333333334,1949,1900,1950
10.966666666666667,1949,1900,1950
11.0,1949,1900,1950
11.033333333333333,1949,1900,1950
11.066666666666666,1949,1900,1950
11.1,1949,1900,1950
11.133333333333333,1949,1900,1950
11.166666666666666,1949,1900,1950
11.2,1950,1900,1960
11.225,1950,1900,1960
11.25,1950,1900,1960
11.274999999999999,1950,1900,1960
11.299999999999999,1950,1900,1960
11.325,1950,1900,1960
11.35,1950,1900,1960
11.375,1950,1900,1960
11.4,1950,1900,1960
11.425,1950,1900,1960
11.45,1950,1900,1960
11.475,1950,1900,1960
11.5,1951,1900,1960
11.458333333333334,1951,1900,1960
11.416666666666666,1951,1900,1960
11.375,1951,1900,1960
11.333333333333334,1951,1900,1960
11.291666666666666,1951,1900,1960
11.25,1951,1900,1960
11.208333333333334,1951,1900,1960
11.166666666666666,1951,1900,1960
11.125,1951,1900,1960
11.083333333333334,1951,1900,1960
11.041666666666666,1951,1900,1960
11.0,1952,1900,1960
10.983333333333334,1952,1900,1960
10.966666666666667,1952,1900,1960
10.95,1952,1900,1960
10.933333333333334,1952,1900,1960
10.916666666666668,1952,1900,1960
10.9,1952,1900,1960
10.883333333333333,1952,1900,1960
10.866666666666667,1952,1900,1960
10.850000000000001,1952,1900,1960
10.833333333333334,1952,1900,1960
10.816666666666666,1952,1900,1960
10.8,1953,1900,1960
10.791666666666668,1953,1900,1960
10.783333333333333,1953,1900,1960
10.775,1953,1900,1960
10.766666666666667,1953,1900,1960
10.758333333333333,1953,1900,1960
10.75,1953,1900,1960
10.741666666666667,1953,1900,1960
10.733333333333333,1953,1900,1960
10.725,1953,1900,1960
10.716666666666667,1953,1900,1960
10.708333333333332,1953,1900,1960
10.7,1954,1900,1960
10.708333333333332,1954,1900,1960
10.716666666666667,1954,1900,1960
10.725,1954,1900,1960
10.733333333333333,1954,1900,1960
10.741666666666667,1954,1900,1960
10.75,1954,1900,1960
10.758333333333333,1954,1900,1960
10.766666666666667,1954,1900,1960
10.775,1954,1900,1960
10.783333333333333,1954,1900,1960
10.791666666666668,1954,1900,1960
10.8,1955,1900,1960
10.875,1955,1900,1960
10.950000000000001,1955,1900,1960
11.025,1955,1900,1960
11.1,1955,1900,1960
11.175,1955,1900,1960
11.25,1955,1900,1960
11.325,1955,1900,1960
11.4,1955,1900,1960
11.475,1955,1900,1960
11.549999999999999,1955,1900,1960
11.625,1955,1900,1960
11.7,1956,1900,1960
11.641666666666666,1956,1900,1960
11.583333333333332,1956,1900,1960
11.524999999999999,1956,1900,1960
11.466666666666667,1956,1900,1960
11.408333333333333,1956,1900,1960
11.35,1956,1900,1960
11.291666666666666,1956,1900,1960
11.233333333333333,1956,1900,1960
11.175,1956,1900,1960
11.116666666666667,1956,1900,1960
11.058333333333334,1956,1900,1960
11.0,1957,1900,1960
10.975,1957,1900,1960
10.95,1957,1900,1960
10.925,1957,1900,1960
10.9,1957,1900,1960
10.875,1957,1900,1960
10.85,1957,1900,1960
10.825,1957,1900,1960
10.799999999999999,1957,1900,1960
10.774999999999999,1957,1900,1960
10.75,1957,1900,1960
10.725,1957,1900,1960
10.7,1958,1900,1960
10.683333333333334,1958,1900,1960
10.666666666666666,1958,1900,1960
10.649999999999999,1958,1900,1960
10.633333333333333,1958,1900,1960
10.616666666666667,1958,1900,1960
10.6,1958,1900,1960
10.583333333333332,1958,1900,1960
10.566666666666666,1958,1900,1960
10.55,1958,1900,1960
10.533333333333333,1958,1900,1960
10.516666666666666,1958,1900,1960
10.5,1959,1900,1960
10.525,1959,1900,1960
10.55,1959,1900,1960
10.575,1959,1900,1960
10.6,1959,1900,1960
10.625,1959,1900,1960
10.65,1959,1900,1960
10.675,1959,1900,1960
10.700000000000001,1959,1900,1960
10.725000000000001,1959,1900,1960
10.75,1959,1900,1960
10.775,1959,1900,1960
10.8,1960,1900,1970
10.783333333333333,1960,1900,1970
10.766666666666667,1960,1900,1970
10.75,1960,1900,1970
10.733333333333334,1960,1900,1970
10.716666666666667,1960,1900,1970
10.7,1960,1900,1970
10.683333333333334,1960,1900,1970
10.666666666666666,1960,1900,1970
10.65,1960,1900,1970
10.633333333333333,1960,1900,1970
10.616666666666667,1960,1900,1970
10.6,1961,1900,1970
10.641666666666666,1961,1900,1970
10.683333333333334,1961,1900,1970
10.725,1961,1900,1970
10.766666666666666,1961,1900,1970
10.808333333333334,1961,1900,1970
10.85,1961,1900,1970
10.891666666666666,1961,1900,1970
10.933333333333334,1961,1900,1970
10.975,1961,1900,1970
11.016666666666666,1961,1900,1970
11.058333333333334,1961,1900,1970
11.1,1962,1900,1970
11.1,1962,1900,1970
11.1,1962,1900,1970
11.1,1962,1900,1970
11.1,1962,1900,1970
11.1,1962,1900,1970
11.1,1962,1900,1970
11.1,1962,1900,1970
11.1,1962,1900,1970
11.1,1962,1900,1970
11.1,1962,1900,1970
11.1,1962,1900,1970
11.1,1963,1900,1970
11.2,1963,1900,1970
11.3,1963,1900,1970
11.4,1963,1900,1970
11.5,1963,1900,1970
11.6,1963,1900,1970
11.7,1963,1900,1970
11.8,1963,1900,1970
11.9,1963,1900,1970
12.0,1963,1900,1970
12.100000000000001,1963,1900,1970
12.200000000000001,1963,1900,1970
12.3,1964,1900,1970
12.341666666666667,1964,1900,1970
12.383333333333335,1964,1900,1970
12.425,1964,1900,1970
12.466666666666667,1964,1900,1970
12.508333333333335,1964,1900,1970
12.55,1964,1900,1970
12.591666666666667,1964,1900,1970
12.633333333333335,1964,1900,1970
12.675,1964,1900,1970
12.716666666666667,1964,1900,1970
12.758333333333335,1964,1900,1970
12.8,1965,1900,1970
12.808333333333334,1965,1900,1970
12.816666666666666,1965,1900,1970
12.825000000000001,1965,1900,1970
12.833333333333334,1965,1900,1970
12.841666666666667,1965,1900,1970
12.850000000000001,1965,1900,1970
12.858333333333334,1965,1900,1970
12.866666666666667,1965,1900,1970
12.875,1965,1900,1970
12.883333333333333,1965,1900,1970
12.891666666666667,1965,1900,1970
12.9,1966,1900,1970
12.975,1966,1900,1970
13.05,1966,1900,1970
13.125,1966,1900,1970
13.200000000000001,1966,1900,1970
13.275,1966,1900,1970
13.350000000000001,1966,1900,1970
13.425,1966,1900,1970
13.5,1966,1900,1970
13.575000000000001,1966,1900,1970
13.65,1966,1900,1970
13.725000000000001,1966,1900,1970
13.8,1967,1900,1970
13.866666666666667,1967,1900,1970
13.933333333333334,1967,1900,1970
14.0,1967,1900,1970
14.066666666666666,1967,1900,1970
14.133333333333333,1967,1900,1970
14.2,1967,1900,1970
14.266666666666667,1967,1900,1970
14.333333333333334,1967,1900,1970
14.4,1967,1900,1970
14.466666666666667,1967,1900,1970
14.533333333333333,1967,1900,1970
14.6,1968,1900,1970
14.6,1968,1900,1970
14.6,1968,1900,1970
14.6,1968,1900,1970
14.6,1968,1900,1970
14.6,1968,1900,1970
14.6,1968,1900,1970
14.6,1968,1900,1970
14.6,1968,1900,1970
14.6,1968,1900,1970
14.6,1968,1900,1970
14.6,1968,1900,1970
14.6,1969,1900,1970
14.708333333333332,1969,1900,1970
14.816666666666666,1969,1900,1970
14.925,1969,1900,1970
15.033333333333333,1969,1900,1970
15.141666666666666,1969,1900,1970
15.25,1969,1900,1970
15.358333333333334,1969,1900,1970
15.466666666666667,1969,1900,1970
15.575,1969,1900,1970
15.683333333333334,1969,1900,1970
15.791666666666668,1969,1900,1970
15.9,1970,1900,1980
15.925,1970,1900,1980
15.95,1970,1900,1980
15.975,1970,1900,1980
16.0,1970,1900,1980
16.025,1970,1900,1980
16.05,1970,1900,1980
16.075,1970,1900,1980
16.1,1970,1900,1980
16.125,1970,1900,1980
16.15,1970,1900,1980
16.175,1970,1900,1980
16.2,1971,1900,1980
16.28333333333333,1971,1900,1980
16.366666666666667,1971,1900,1980
16.45,1971,1900,1980
16.53333333333333,1971,1900,1980
16.616666666666667,1971,1900,1980
16.7,1971,1900,1980
16.78333333333333,1971,1900,1980
16.866666666666667,1971,1900,1980
16.95,1971,1900,1980
17.03333333333333,1971,1900,1980
17.116666666666667,1971,1900,1980
17.2,1972,1900,1980
17.183333333333334,1972,1900,1980
17.166666666666664,1972,1900,1980
17.15,1972,1900,1980
17.133333333333333,1972,1900,1980
17.116666666666667,1972,1900,1980
17.1,1972,1900,1980
17.083333333333332,1972,1900,1980
17.066666666666666,1972,1900,1980
17.05,1972,1900,1980
17.03333333333333,1972,1900,1980
17.016666666666666,1972,1900,1980
17.0,1973,1900,1980
17.008333333333333,1973,1900,1980
17.016666666666666,1973,1900,1980
17.025,1973,1900,1980
17.033333333333335,1973,1900,1980
17.041666666666668,1973,1900,1980
17.05,1973,1900,1980
17.058333333333334,1973,1900,1980
17.066666666666666,1973,1900,1980
17.075000000000003,1973,1900,1980
17.083333333333336,1973,1900,1980
17.09166666666667,1973,1900,1980
17.1,1974,1900,1980
17.108333333333334,1974,1900,1980
17.116666666666667,1974,1900,1980
17.125,1974,1900,1980
17.133333333333333,1974,1900,1980
17.141666666666666,1974,1900,1980
17.15,1974,1900,1980
17.158333333333335,1974,1900,1980
17.166666666666668,1974,1900,1980
17.175,1974,1900,1980
17.183333333333334,1974,1900,1980
17.191666666666666,1974,1900,1980
17.2,1975,1900,1980
17.183333333333334,1975,1900,1980
17.166666666666664,1975,1900,1980
17.15,1975,1900,1980
17.133333333333333,1975,1900,1980
17.116666666666667,1975,1900,1980
17.1,1975,1900,1980
17.083333333333332,1975,1900,1980
17.066666666666666,1975,1900,1980
17.05,1975,1900,1980
17.03333333333333,1975,1900,1980
17.016666666666666,1975,1900,1980
17.0,1976,1900,1980
17.016666666666666,1976,1900,1980
17.03333333333333,1976,1900,1980
17.05,1976,1900,1980
17.066666666666666,1976,1900,1980
17.083333333333332,1976,1900,1980
17.1,1976,1900,1980
17.116666666666667,1976,1900,1980
17.133333333333333,1976,1900,1980
17.15,1976,1900,1980
17.166666666666664,1976,1900,1980
17.183333333333334,1976,1900,1980
17.2,1977,1900,1980
17.208333333333332,1977,1900,1980
17.216666666666665,1977,1900,1980
17.225,1977,1900,1980
17.233333333333334,1977,1900,1980
17.241666666666667,1977,1900,1980
17.25,1977,1900,1980
17.258333333333333,1977,1900,1980
17.266666666666666,1977,1900,1980
17.275,1977,1900,1980
17.283333333333335,1977,1900,1980
17.291666666666668,1977,1900,1980
17.3,1978,1900,1980
17.375,1978,1900,1980
17.45,1978,1900,1980
17.525,1978,1900,1980
17.6,1978,1900,1980
17.675,1978,1900,1980
17.75,1978,1900,1980
17.825,1978,1900,1980
17.9,1978,1900,1980
17.975,1978,1900,1980
18.05,1978,1900,1980
18.125,1978,1900,1980
18.2,1979,1900,1980
18.191666666666666,1979,1900,1980
18.183333333333334,1979,1900,1980
18.175,1979,1900,1980
18.166666666666668,1979,1900,1980
18.158333333333335,1979,1900,1980
18.15,1979,1900,1980
18.141666666666666,1979,1900,1980
18.133333333333333,1979,1900,1980
18.125,1979,1900,1980
18.116666666666667,1979,1900,1980
18.108333333333334,1979,1900,1980
18.1,1980,1900,1990
18.033333333333335,1980,1900,1990
17.96666666666667,1980,1900,1990
17.900000000000002,1980,1900,1990
17.833333333333336,1980,1900,1990
17.76666666666667,1980,1900,1990
17.700000000000003,1980,1900,1990
17.633333333333333,1980,1900,1990
17.566666666666666,1980,1900,1990
17.5,1980,1900,1990
17.433333333333334,1980,1900,1990
17.366666666666667,1980,1900,1990
17.3,1981,1900,1990
17.241666666666667,1981,1900,1990
17.183333333333334,1981,1900,1990
17.125,1981,1900,1990
17.066666666666666,1981,1900,1990
17.008333333333333,1981,1900,1990
16.950000000000003,1981,1900,1990
16.89166666666667,1981,1900,1990
16.833333333333336,1981,1900,1990
16.775000000000002,1981,1900,1990
16.71666666666667,1981,1900,1990
16.658333333333335,1981,1900,1990
16.6,1982,1900,1990
16.566666666666666,1982,1900,1990
16.533333333333335,1982,1900,1990
16.5,1982,1900,1990
16.46666666666667,1982,1900,1990
16.433333333333334,1982,1900,1990
16.4,1982,1900,1990
16.366666666666667,1982,1900,1990
16.333333333333332,1982,1900,1990
16.3,1982,1900,1990
16.266666666666666,1982,1900,1990
16.233333333333334,1982,1900,1990
16.2,1983,1900,1990
16.233333333333334,1983,1900,1990
16.266666666666666,1983,1900,1990
16.3,1983,1900,1990
16.333333333333332,1983,1900,1990
16.366666666666667,1983,1900,1990
16.4,1983,1900,1990
16.433333333333334,1983,1900,1990
16.46666666666667,1983,1900,1990
16.5,1983,1900,1990
16.533333333333335,1983,1900,1990
16.566666666666666,1983,1900,1990
16.6,1984,1900,1990
16.575000000000003,1984,1900,1990
16.55,1984,1900,1990
16.525000000000002,1984,1900,1990
16.5,1984,1900,1990
16.475,1984,1900,1990
16.450000000000003,1984,1900,1990
16.425,1984,1900,1990
16.400000000000002,1984,1900,1990
16.375,1984,1900,1990
16.35,1984,1900,1990
16.325,1984,1900,1990
16.3,1985,1900,1990
16.233333333333334,1985,1900,1990
16.166666666666668,1985,1900,1990
16.1,1985,1900,1990
16.033333333333335,1985,1900,1990
15.966666666666667,1985,1900,1990
15.9,1985,1900,1990
15.833333333333334,1985,1900,1990
15.766666666666667,1985,1900,1990
15.7,1985,1900,1990
15.633333333333333,1985,1900,1990
15.566666666666666,1985,1900,1990
15.5,1986,1900,1990
15.558333333333334,1986,1900,1990
15.616666666666667,1986,1900,1990
15.675,1986,1900,1990
15.733333333333333,1986,1900,1990
15.791666666666666,1986,1900,1990
15.85,1986,1900,1990
15.908333333333333,1986,1900,1990
15.966666666666667,1986,1900,1990
16.025,1986,1900,1990
16.083333333333332,1986,1900,1990
16.141666666666666,1986,1900,1990
16.2,1987,1900,1990
16.258333333333333,1987,1900,1990
16.316666666666666,1987,1900,1990
16.375,1987,1900,1990
16.433333333333334,1987,1900,1990
16.491666666666667,1987,1900,1990
16.549999999999997,1987,1900,1990
16.60833333333333,1987,1900,1990
16.666666666666664,1987,1900,1990
16.724999999999998,1987,1900,1990
16.78333333333333,1987,1900,1990
16.841666666666665,1987,1900,1990
16.9,1988,1900,1990
16.90833333333333,1988,1900,1990
16.916666666666664,1988,1900,1990
16.924999999999997,1988,1900,1990
16.933333333333334,1988,1900,1990
16.941666666666666,1988,1900,1990
16.95,1988,1900,1990
16.958333333333332,1988,1900,1990
16.966666666666665,1988,1900,1990
16.975,1988,1900,1990
16.983333333333334,1988,1900,1990
16.991666666666667,1988,1900,1990
17.0,1989,1900,1990
16.891666666666666,1989,1900,1990
16.78333333333333,1989,1900,1990
16.675,1989,1900,1990
16.566666666666666,1989,1900,1990
16.458333333333332,1989,1900,1990
16.35,1989,1900,1990
16.241666666666667,1989,1900,1990
16.133333333333333,1989,1900,1990
16.025,1989,1900,1990
15.916666666666666,1989,1900,1990
15.808333333333334,1989,1900,1990
15.7,1990,1900,2000
15.658333333333333,1990,1900,2000
15.616666666666665,1990,1900,2000
15.575,1990,1900,2000
15.533333333333333,1990,1900,2000
15.491666666666665,1990,1900,2000
15.45,1990,1900,2000
15.408333333333333,1990,1900,2000
15.366666666666665,1990,1900,2000
15.325,1990,1900,2000
15.283333333333333,1990,1900,2000
15.241666666666665,1990,1900,2000
15.2,1991,1900,2000
15.225,1991,1900,2000
15.25,1991,1900,2000
15.274999999999999,1991,1900,2000
15.299999999999999,1991,1900,2000
15.325,1991,1900,2000
15.35,1991,1900,2000
15.375,1991,1900,2000
15.4,1991,1900,2000
15.425,1991,1900,2000
15.45,1991,1900,2000
15.475,1991,1900,2000
15.5,1992,1900,2000
15.5,1992,1900,2000
15.5,1992,1900,2000
15.5,1992,1900,2000
15.5,1992,1900,2000
15.5,1992,1900,2000
15.5,1992,1900,2000
15.5,1992,1900,2000
15.5,1992,1900,2000
15.5,1992,1900,2000
15.5,1992,1900,2000
15.5,1992,1900,2000
15.5,1993,1900,2000
15.516666666666666,1993,1900,2000
15.533333333333333,1993,1900,2000
15.55,1993,1900,2000
15.566666666666666,1993,1900,2000
15.583333333333332,1993,1900,2000
15.6,1993,1900,2000
15.616666666666667,1993,1900,2000
15.633333333333333,1993,1900,2000
15.649999999999999,1993,1900,2000
15.666666666666666,1993,1900,2000
15.683333333333334,1993,1900,2000
15.7,1994,1900,2000
15.716666666666667,1994,1900,2000
15.733333333333333,1994,1900,2000
15.75,1994,1900,2000
15.766666666666666,1994,1900,2000
15.783333333333333,1994,1900,2000
15.8,1994,1900,2000
15.816666666666666,1994,1900,2000
15.833333333333334,1994,1900,2000
15.85,1994,1900,2000
15.866666666666667,1994,1900,2000
15.883333333333333,1994,1900,2000
15.9,1995,1900,2000
15.925,1995,1900,2000
15.95,1995,1900,2000
15.975,1995,1900,2000
16.0,1995,1900,2000
16.025,1995,1900,2000
16.05,1995,1900,2000
16.075,1995,1900,2000
16.1,1995,1900,2000
16.125,1995,1900,2000
16.15,1995,1900,2000
16.175,1995,1900,2000
16.2,1996,1900,2000
16.233333333333334,1996,1900,2000
16.266666666666666,1996,1900,2000
16.3,1996,1900,2000
16.333333333333332,1996,1900,2000
16.366666666666667,1996,1900,2000
16.4,1996,1900,2000
16.433333333333334,1996,1900,2000
16.46666666666667,1996,1900,2000
16.5,1996,1900,2000
16.533333333333335,1996,1900,2000
16.566666666666666,1996,1900,2000
16.6,1997,1900,2000
16.616666666666667,1997,1900,2000
16.633333333333333,1997,1900,2000
16.650000000000002,1997,1900,2000
16.666666666666668,1997,1900,2000
16.683333333333334,1997,1900,2000
16.700000000000003,1997,1900,2000
16.71666666666667,1997,1900,2000
16.733333333333334,1997,1900,2000
16.75,1997,1900,2000
16.766666666666666,1997,1900,2000
16.783333333333335,1997,1900,2000
16.8,1998,1900,2000
16.808333333333334,1998,1900,2000
16.816666666666666,1998,1900,2000
16.825,1998,1900,2000
16.833333333333332,1998,1900,2000
16.841666666666665,1998,1900,2000
16.85,1998,1900,2000
16.858333333333334,1998,1900,2000
16.866666666666667,1998,1900,2000
16.875,1998,1900,2000
16.883333333333333,1998,1900,2000
16.891666666666666,1998,1900,2000
16.9,1999,1900,2000
16.941666666666666,1999,1900,2000
16.98333333333333,1999,1900,2000
17.025,1999,1900,2000
17.066666666666666,1999,1900,2000
17.10833333333333,1999,1900,2000
17.15,1999,1900,2000
17.191666666666666,1999,1900,2000
17.23333333333333,1999,1900,2000
17.275,1999,1900,2000
17.316666666666666,1999,1900,2000
17.35833333333333,1999,1900,2000
17.4,2000,2000,2010
17.366666666666667,2000,2000,2010
17.333333333333332,2000,2000,2010
17.299999999999997,2000,2000,2010
17.266666666666666,2000,2000,2010
17.233333333333334,2000,2000,2010
17.2,2000,2000,2010
17.166666666666664,2000,2000,2010
17.133333333333333,2000,2000,2010
17.1,2000,2000,2010
17.066666666666666,2000,2000,2010
17.03333333333333,2000,2000,2010
17.0,2001,2000,2010
16.96666666666667,2001,2000,2010
16.933333333333334,2001,2000,2010
16.9,2001,2000,2010
16.866666666666667,2001,2000,2010
16.833333333333336,2001,2000,2010
16.8,2001,2000,2010
16.766666666666666,2001,2000,2010
16.733333333333334,2001,2000,2010
16.700000000000003,2001,2000,2010
16.666666666666668,2001,2000,2010
16.633333333333333,2001,2000,2010
16.6,2002,2000,2010
16.675,2002,2000,2010
16.75,2002,2000,2010
16.825000000000003,2002,2000,2010
16.900000000000002,2002,2000,2010
16.975,2002,2000,2010
17.05,2002,2000,2010
17.125,2002,2000,2010
17.2,2002,2000,2010
17.275,2002,2000,2010
17.35,2002,2000,2010
17.425,2002,2000,2010
17.5,2003,2000,2010
17.483333333333334,2003,2000,2010
17.46666666666667,2003,2000,2010
17.45,2003,2000,2010
17.433333333333334,2003,2000,2010
17.416666666666668,2003,2000,2010
17.4,2003,2000,2010
17.383333333333333,2003,2000,2010
17.366666666666667,2003,2000,2010
17.35,2003,2000,2010
17.333333333333336,2003,2000,2010
17.316666666666666,2003,2000,2010
17.3,2004,2000,2010
17.3,2004,2000,2010
17.3,2004,2000,2010
17.3,2004,2000,2010
17.3,2004,2000,2010
17.3,2004,2000,2010
17.3,2004,2000,2010
17.3,2004,2000,2010
17.3,2004,2000,2010
17.3,2004,2000,2010
17.3,2004,2000,2010
17.3,2004,2000,2010
17.3,2005,2000,2010
17.25,2005,2000,2010
17.2,2005,2000,2010
17.15,2005,2000,2010
17.1,2005,2000,2010
17.05,2005,2000,2010
17.0,2005,2000,2010
16.95,2005,2000,2010
16.9,2005,2000,2010
16.85,2005,2000,2010
16.8,2005,2000,2010
16.75,2005,2000,2010
16.7,2006,2000,2010
16.708333333333332,2006,2000,2010
16.716666666666665,2006,2000,2010
16.725,2006,2000,2010
16.733333333333334,2006,2000,2010
16.741666666666667,2006,2000,2010
16.75,2006,2000,2010
16.758333333333333,2006,2000,2010
16.766666666666666,2006,2000,2010
16.775,2006,2000,2010
16.783333333333335,2006,2000,2010
16.791666666666668,2006,2000,2010
16.8,2007,2000,2010
16.8,2007,2000,2010
16.8,2007,2000,2010
16.8,2007,2000,2010
16.8,2007,2000,2010
16.8,2007,2000,2010
16.8,2007,2000,2010
16.8,2007,2000,2010
16.8,2007,2000,2010
16.8,2007,2000,2010
16.8,2007,2000,2010
16.8,2007,2000,2010
16.8,2008,2000,2010
16.725,2008,2000,2010
16.650000000000002,2008,2000,2010
16.575,2008,2000,2010
16.5,2008,2000,2010
16.425,2008,2000,2010
16.35,2008,2000,2010
16.275000000000002,2008,2000,2010
16.2,2008,2000,2010
16.125,2008,2000,2010
16.05,2008,2000,2010
15.975,2008,2000,2010
15.9,2009,2000,2010
15.875,2009,2000,2010
15.85,2009,2000,2010
15.825,2009,2000,2010
15.8,2009,2000,2010
15.775,2009,2000,2010
15.75,2009,2000,2010
15.725,2009,2000,2010
15.7,2009,2000,2010
15.675,2009,2000,2010
15.65,2009,2000,2010
15.625,2009,2000,2010
15.6,2010,2000,2010
15.6,2010,2000,2010
15.6,2010,2000,2010
15.6,2010,2000,2010
15.6,2010,2000,2010
15.6,2010,2000,2010
15.6,2010,2000,2010
15.6,2010,2000,2010
15.6,2010,2000,2010
15.6,2010,2000,2010
15.6,2010,2000,2010
15.6,2010,2000,2010
15.6,2011,2000,2010
15.533333333333333,2011,2000,2010
15.466666666666667,2011,2000,2010
15.4,2011,2000,2010
15.333333333333334,2011,2000,2010
15.266666666666667,2011,2000,2010
15.2,2011,2000,2010
15.133333333333333,2011,2000,2010
15.066666666666666,2011,2000,2010
15.0,2011,2000,2010
14.933333333333334,2011,2000,2010
14.866666666666667,2011,2000,2010
14.8,2012,2000,2010
14.791666666666668,2012,2000,2010
14.783333333333333,2012,2000,2010
14.775,2012,2000,2010
14.766666666666667,2012,2000,2010
14.758333333333333,2012,2000,2010
14.75,2012,2000,2010
14.741666666666667,2012,2000,2010
14.733333333333333,2012,2000,2010
14.725,2012,2000,2010
14.716666666666667,2012,2000,2010
14.708333333333332,2012,2000,2010
14.7,2013,2000,2010
14.733333333333333,2013,2000,2010
14.766666666666666,2013,2000,2010
14.799999999999999,2013,2000,2010
14.833333333333332,2013,2000,2010
14.866666666666665,2013,2000,2010
14.899999999999999,2013,2000,2010
14.933333333333334,2013,2000,2010
14.966666666666667,2013,2000,2010
15.0,2013,2000,2010
15.033333333333333,2013,2000,2010
15.066666666666666,2013,2000,2010
15.1,2014,2000,2010
