Year,CO2
1800-01-31,0.00568
1800-02-28,0.005674166666666667
1800-03-31,0.005668333333333333
1800-04-30,0.0056625
1800-05-31,0.005656666666666667
1800-06-30,0.005650833333333333
1800-07-31,0.005645000000000001
1800-08-31,0.005639166666666667
1800-09-30,0.005633333333333334
1800-10-31,0.0056275000000000006
1800-11-30,0.005621666666666667
1800-12-31,0.005615833333333334
1801-01-31,0.00561
1801-02-28,0.005605000000000001
1801-03-31,0.005600000000000001
1801-04-30,0.005595
1801-05-31,0.00559
1801-06-30,0.0055850000000000006
1801-07-31,0.00558
1801-08-31,0.005575
1801-09-30,0.00557
1801-10-31,0.0055650000000000005
1801-11-30,0.005560000000000001
1801-12-31,0.005555
1802-01-31,0.00555
1802-02-28,0.005544166666666667
1802-03-31,0.0055383333333333335
1802-04-30,0.0055325
1802-05-31,0.005526666666666667
1802-06-30,0.005520833333333333
1802-07-31,0.005515
1802-08-31,0.0055091666666666666
1802-09-30,0.005503333333333333
1802-10-31,0.0054975
1802-11-30,0.005491666666666666
1802-12-31,0.005485833333333333
1803-01-31,0.00548
1803-02-28,0.005475
1803-03-31,0.00547
1803-04-30,0.005464999999999999
1803-05-31,0.00546
1803-06-30,0.005455
1803-07-31,0.00545
1803-08-31,0.005445
1803-09-30,0.00544
1803-10-31,0.005435000000000001
1803-11-30,0.00543
1803-12-31,0.005425
1804-01-31,0.00542
1804-02-29,0.0054150000000000005
1804-03-31,0.00541
1804-04-30,0.005405
1804-05-31,0.0054
1804-06-30,0.0053950000000000005
1804-07-31,0.005390000000000001
1804-08-31,0.005385
1804-09-30,0.00538
1804-10-31,0.0053750000000000004
1804-11-30,0.00537
1804-12-31,0.005365
1805-01-31,0.00536
1805-02-28,0.005354166666666667
1805-03-31,0.005348333333333333
1805-04-30,0.0053425
1805-05-31,0.005336666666666667
1805-06-30,0.005330833333333333
1805-07-31,0.005325
1805-08-31,0.005319166666666667
1805-09-30,0.005313333333333334
1805-10-31,0.005307500000000001
1805-11-30,0.005301666666666667
1805-12-31,0.005295833333333334
1806-01-31,0.00529
1806-02-28,0.005285000000000001
1806-03-31,0.00528
1806-04-30,0.005275
1806-05-31,0.00527
1806-06-30,0.005265000000000001
1806-07-31,0.005260000000000001
1806-08-31,0.005255
1806-09-30,0.00525
1806-10-31,0.0052450000000000005
1806-11-30,0.00524
1806-12-31,0.005235
1807-01-31,0.00523
1807-02-28,0.0052250000000000005
1807-03-31,0.005220000000000001
1807-04-30,0.005215
1807-05-31,0.00521
1807-06-30,0.005205
1807-07-31,0.0052
1807-08-31,0.005195
1807-09-30,0.00519
1807-10-31,0.005185
1807-11-30,0.005180000000000001
1807-12-31,0.005175
1808-01-31,0.00517
1808-02-29,0.005165
1808-03-31,0.00516
1808-04-30,0.005155
1808-05-31,0.00515
1808-06-30,0.005145
1808-07-31,0.0051400000000000005
1808-08-31,0.005135
1808-09-30,0.00513
1808-10-31,0.005125
1808-11-30,0.0051199999999999996
1808-12-31,0.005115
1809-01-31,0.00511
1809-02-28,0.005104166666666667
1809-03-31,0.005098333333333333
1809-04-30,0.0050925
1809-05-31,0.005086666666666666
1809-06-30,0.005080833333333333
1809-07-31,0.005075
1809-08-31,0.005069166666666667
1809-09-30,0.005063333333333334
1809-10-31,0.0050575
1809-11-30,0.005051666666666667
1809-12-31,0.005045833333333334
1810-01-31,0.00504
1810-02-28,0.005034166666666667
1810-03-31,0.0050283333333333334
1810-04-30,0.0050225
1810-05-31,0.005016666666666667
1810-06-30,0.005010833333333333
1810-07-31,0.005005
1810-08-31,0.0049991666666666665
1810-09-30,0.004993333333333333
1810-10-31,0.0049875
1810-11-30,0.004981666666666666
1810-12-31,0.004975833333333333
1811-01-31,0.00497
1811-02-28,0.004964166666666666
1811-03-31,0.004958333333333333
1811-04-30,0.0049524999999999994
1811-05-31,0.004946666666666666
1811-06-30,0.004940833333333333
1811-07-31,0.004935
1811-08-31,0.004929166666666667
1811-09-30,0.004923333333333333
1811-10-31,0.0049175
1811-11-30,0.004911666666666667
1811-12-31,0.004905833333333333
1812-01-31,0.0049
1812-02-29,0.0048941666666666665
1812-03-31,0.004888333333333333
1812-04-30,0.0048825
1812-05-31,0.004876666666666666
1812-06-30,0.004870833333333333
1812-07-31,0.0048649999999999995
1812-08-31,0.004859166666666667
1812-09-30,0.004853333333333334
1812-10-31,0.0048475
1812-11-30,0.004841666666666667
1812-12-31,0.0048358333333333335
1813-01-31,0.00483
1813-02-28,0.004823333333333333
1813-03-31,0.004816666666666667
1813-04-30,0.00481
1813-05-31,0.004803333333333333
1813-06-30,0.004796666666666667
1813-07-31,0.00479
1813-08-31,0.004783333333333333
1813-09-30,0.004776666666666667
1813-10-31,0.00477
1813-11-30,0.004763333333333333
1813-12-31,0.004756666666666667
1814-01-31,0.00475
1814-02-28,0.0047425
1814-03-31,0.004735
1814-04-30,0.0047275
1814-05-31,0.00472
1814-06-30,0.0047125
1814-07-31,0.004705
1814-08-31,0.0046975
1814-09-30,0.00469
1814-10-31,0.0046825
1814-11-30,0.004675
1814-12-31,0.0046675
1815-01-31,0.00466
1815-02-28,0.0046525
1815-03-31,0.004645
1815-04-30,0.0046375
1815-05-31,0.0046300000000000004
1815-06-30,0.0046225
1815-07-31,0.004615
1815-08-31,0.0046075000000000005
1815-09-30,0.0046
1815-10-31,0.0045925
1815-11-30,0.0045850000000000005
1815-12-31,0.0045775
1816-01-31,0.00457
1816-02-29,0.004561666666666667
1816-03-31,0.004553333333333334
1816-04-30,0.004545
1816-05-31,0.004536666666666667
1816-06-30,0.004528333333333334
1816-07-31,0.00452
1816-08-31,0.004511666666666666
1816-09-30,0.004503333333333333
1816-10-31,0.004495
1816-11-30,0.004486666666666667
1816-12-31,0.004478333333333333
1817-01-31,0.00447
1817-02-28,0.0044625
1817-03-31,0.004455
1817-04-30,0.0044475
1817-05-31,0.00444
1817-06-30,0.0044325
1817-07-31,0.004425
1817-08-31,0.0044175
1817-09-30,0.00441
1817-10-31,0.0044025
1817-11-30,0.0043950000000000005
1817-12-31,0.0043875
1818-01-31,0.00438
1818-02-28,0.004370833333333333
1818-03-31,0.0043616666666666665
1818-04-30,0.0043525000000000005
1818-05-31,0.004343333333333334
1818-06-30,0.004334166666666667
1818-07-31,0.004325000000000001
1818-08-31,0.004315833333333334
1818-09-30,0.004306666666666667
1818-10-31,0.0042975
1818-11-30,0.004288333333333333
1818-12-31,0.004279166666666667
1819-01-31,0.00427
1819-02-28,0.004261666666666667
1819-03-31,0.004253333333333334
1819-04-30,0.0042450000000000005
1819-05-31,0.004236666666666667
1819-06-30,0.004228333333333334
1819-07-31,0.00422
1819-08-31,0.0042116666666666665
1819-09-30,0.004203333333333333
1819-10-31,0.004195
1819-11-30,0.004186666666666667
1819-12-31,0.004178333333333333
1820-01-31,0.00417
1820-02-29,0.004160833333333333
1820-03-31,0.004151666666666666
1820-04-30,0.0041425
1820-05-31,0.0041333333333333335
1820-06-30,0.004124166666666667
1820-07-31,0.004115000000000001
1820-08-31,0.004105833333333334
1820-09-30,0.004096666666666667
1820-10-31,0.0040875
1820-11-30,0.004078333333333333
1820-12-31,0.004069166666666667
1821-01-31,0.00406
1821-02-28,0.004050833333333333
1821-03-31,0.004041666666666667
1821-04-30,0.0040325000000000005
1821-05-31,0.004023333333333334
1821-06-30,0.004014166666666667
1821-07-31,0.004005
1821-08-31,0.003995833333333334
1821-09-30,0.003986666666666667
1821-10-31,0.0039775
1821-11-30,0.003968333333333334
1821-12-31,0.003959166666666667
1822-01-31,0.00395
1822-02-28,0.0039408333333333335
1822-03-31,0.003931666666666667
1822-04-30,0.003922500000000001
1822-05-31,0.003913333333333334
1822-06-30,0.003904166666666667
1822-07-31,0.003895
1822-08-31,0.0038858333333333336
1822-09-30,0.0038766666666666667
1822-10-31,0.0038675000000000003
1822-11-30,0.0038583333333333334
1822-12-31,0.003849166666666667
1823-01-31,0.00384
1823-02-28,0.0038308333333333332
1823-03-31,0.003821666666666667
1823-04-30,0.0038125
1823-05-31,0.0038033333333333335
1823-06-30,0.0037941666666666666
1823-07-31,0.003785
1823-08-31,0.0037758333333333333
1823-09-30,0.0037666666666666664
1823-10-31,0.0037575
1823-11-30,0.003748333333333333
1823-12-31,0.0037391666666666667
1824-01-31,0.00373
1824-02-29,0.003720833333333333
1824-03-31,0.0037116666666666665
1824-04-30,0.0037025
1824-05-31,0.003693333333333333
1824-06-30,0.0036841666666666663
1824-07-31,0.003675
1824-08-31,0.0036658333333333334
1824-09-30,0.0036566666666666666
1824-10-31,0.0036474999999999997
1824-11-30,0.0036383333333333333
1824-12-31,0.003629166666666667
1825-01-31,0.00362
1825-02-28,0.00361
1825-03-31,0.0036
1825-04-30,0.00359
1825-05-31,0.00358
1825-06-30,0.00357
1825-07-31,0.00356
1825-08-31,0.00355
1825-09-30,0.00354
1825-10-31,0.00353
1825-11-30,0.00352
1825-12-31,0.00351
1826-01-31,0.0035
1826-02-28,0.003490833333333333
1826-03-31,0.0034816666666666668
1826-04-30,0.0034725
1826-05-31,0.0034633333333333335
1826-06-30,0.0034541666666666666
1826-07-31,0.003445
1826-08-31,0.0034358333333333333
1826-09-30,0.0034266666666666664
1826-10-31,0.0034175
1826-11-30,0.003408333333333333
1826-12-31,0.0033991666666666667
1827-01-31,0.00339
1827-02-28,0.0033799999999999998
1827-03-31,0.0033699999999999997
1827-04-30,0.0033599999999999997
1827-05-31,0.0033499999999999997
1827-06-30,0.0033399999999999997
1827-07-31,0.0033299999999999996
1827-08-31,0.00332
1827-09-30,0.00331
1827-10-31,0.0033
1827-11-30,0.00329
1827-12-31,0.00328
1828-01-31,0.00327
1828-02-29,0.0032608333333333335
1828-03-31,0.0032516666666666666
1828-04-30,0.0032424999999999997
1828-05-31,0.0032333333333333333
1828-06-30,0.003224166666666667
1828-07-31,0.003215
1828-08-31,0.003205833333333333
1828-09-30,0.0031966666666666667
1828-10-31,0.0031875000000000002
1828-11-30,0.0031783333333333334
1828-12-31,0.0031691666666666665
1829-01-31,0.00316
1829-02-28,0.0031508333333333336
1829-03-31,0.0031416666666666667
1829-04-30,0.0031325
1829-05-31,0.0031233333333333334
1829-06-30,0.003114166666666667
1829-07-31,0.003105
1829-08-31,0.0030958333333333332
1829-09-30,0.003086666666666667
1829-10-31,0.0030775000000000004
1829-11-30,0.0030683333333333335
1829-12-31,0.0030591666666666666
1830-01-31,0.00305
1830-02-28,0.0030408333333333333
1830-03-31,0.003031666666666667
1830-04-30,0.0030225
1830-05-31,0.0030133333333333336
1830-06-30,0.0030041666666666667
1830-07-31,0.0029950000000000003
1830-08-31,0.0029858333333333334
1830-09-30,0.0029766666666666665
1830-10-31,0.0029675
1830-11-30,0.002958333333333333
1830-12-31,0.0029491666666666668
1831-01-31,0.00294
1831-02-28,0.002930833333333333
1831-03-31,0.0029216666666666666
1831-04-30,0.0029125
1831-05-31,0.0029033333333333333
1831-06-30,0.0028941666666666664
1831-07-31,0.002885
1831-08-31,0.0028758333333333335
1831-09-30,0.0028666666666666667
1831-10-31,0.0028575
1831-11-30,0.0028483333333333334
1831-12-31,0.002839166666666667
1832-01-31,0.00283
1832-02-29,0.0028216666666666668
1832-03-31,0.0028133333333333335
1832-04-30,0.002805
1832-05-31,0.0027966666666666665
1832-06-30,0.002788333333333333
1832-07-31,0.00278
1832-08-31,0.0027716666666666666
1832-09-30,0.0027633333333333334
1832-10-31,0.0027549999999999996
1832-11-30,0.0027466666666666664
1832-12-31,0.002738333333333333
1833-01-31,0.00273
1833-02-28,0.0027216666666666665
1833-03-31,0.0027133333333333332
1833-04-30,0.002705
1833-05-31,0.0026966666666666667
1833-06-30,0.0026883333333333334
1833-07-31,0.00268
1833-08-31,0.0026716666666666664
1833-09-30,0.002663333333333333
1833-10-31,0.002655
1833-11-30,0.0026466666666666665
1833-12-31,0.0026383333333333332
1834-01-31,0.00263
1834-02-28,0.0026216666666666667
1834-03-31,0.0026133333333333334
1834-04-30,0.002605
1834-05-31,0.002596666666666667
1834-06-30,0.0025883333333333335
1834-07-31,0.00258
1834-08-31,0.0025716666666666665
1834-09-30,0.0025633333333333333
1834-10-31,0.002555
1834-11-30,0.0025466666666666667
1834-12-31,0.0025383333333333334
1835-01-31,0.00253
1835-02-28,0.0025225
1835-03-31,0.002515
1835-04-30,0.0025075
1835-05-31,0.0025
1835-06-30,0.0024925
1835-07-31,0.0024850000000000002
1835-08-31,0.0024775
1835-09-30,0.00247
1835-10-31,0.0024625
1835-11-30,0.0024549999999999997
1835-12-31,0.0024475
1836-01-31,0.00244
1836-02-29,0.0024324999999999998
1836-03-31,0.002425
1836-04-30,0.0024175
1836-05-31,0.00241
1836-06-30,0.0024025
1836-07-31,0.002395
1836-08-31,0.0023875
1836-09-30,0.00238
1836-10-31,0.0023725
1836-11-30,0.002365
1836-12-31,0.0023575000000000002
1837-01-31,0.00235
1837-02-28,0.0023433333333333336
1837-03-31,0.0023366666666666666
1837-04-30,0.00233
1837-05-31,0.0023233333333333335
1837-06-30,0.0023166666666666665
1837-07-31,0.00231
1837-08-31,0.0023033333333333334
1837-09-30,0.0022966666666666665
1837-10-31,0.00229
1837-11-30,0.0022833333333333334
1837-12-31,0.0022766666666666664
1838-01-31,0.00227
1838-02-28,0.0022624999999999998
1838-03-31,0.002255
1838-04-30,0.0022475
1838-05-31,0.00224
1838-06-30,0.0022325
1838-07-31,0.002225
1838-08-31,0.0022175
1838-09-30,0.00221
1838-10-31,0.0022025
1838-11-30,0.002195
1838-12-31,0.0021875
1839-01-31,0.00218
1839-02-28,0.0021733333333333335
1839-03-31,0.0021666666666666666
1839-04-30,0.00216
1839-05-31,0.0021533333333333335
1839-06-30,0.0021466666666666665
1839-07-31,0.00214
1839-08-31,0.0021333333333333334
1839-09-30,0.0021266666666666665
1839-10-31,0.00212
1839-11-30,0.0021133333333333334
1839-12-31,0.0021066666666666664
1840-01-31,0.0021
1840-02-29,0.0020933333333333333
1840-03-31,0.0020866666666666664
1840-04-30,0.00208
1840-05-31,0.0020733333333333333
1840-06-30,0.0020666666666666667
1840-07-31,0.00206
1840-08-31,0.0020533333333333332
1840-09-30,0.0020466666666666667
1840-10-31,0.00204
1840-11-30,0.002033333333333333
1840-12-31,0.0020266666666666666
1841-01-31,0.00202
1841-02-28,0.0020141666666666667
1841-03-31,0.0020083333333333333
1841-04-30,0.0020025
1841-05-31,0.0019966666666666666
1841-06-30,0.001990833333333333
1841-07-31,0.001985
1841-08-31,0.001979166666666667
1841-09-30,0.0019733333333333334
1841-10-31,0.0019675
1841-11-30,0.0019616666666666667
1841-12-31,0.0019558333333333333
1842-01-31,0.00195
1842-02-28,0.0019441666666666665
1842-03-31,0.0019383333333333331
1842-04-30,0.0019325
1842-05-31,0.0019266666666666666
1842-06-30,0.0019208333333333332
1842-07-31,0.001915
1842-08-31,0.0019091666666666667
1842-09-30,0.0019033333333333333
1842-10-31,0.0018974999999999999
1842-11-30,0.0018916666666666665
1842-12-31,0.0018858333333333333
1843-01-31,0.00188
1843-02-28,0.0018741666666666666
1843-03-31,0.0018683333333333334
1843-04-30,0.0018625
1843-05-31,0.0018566666666666666
1843-06-30,0.0018508333333333332
1843-07-31,0.0018449999999999999
1843-08-31,0.0018391666666666667
1843-09-30,0.0018333333333333333
1843-10-31,0.0018275
1843-11-30,0.0018216666666666667
1843-12-31,0.0018158333333333334
1844-01-31,0.00181
1844-02-29,0.001805
1844-03-31,0.0018
1844-04-30,0.001795
1844-05-31,0.00179
1844-06-30,0.001785
1844-07-31,0.00178
1844-08-31,0.001775
1844-09-30,0.00177
1844-10-31,0.001765
1844-11-30,0.00176
1844-12-31,0.001755
1845-01-31,0.00175
1845-02-28,0.0025875
1845-03-31,0.003425
1845-04-30,0.0042625
1845-05-31,0.0051
1845-06-30,0.0059375
1845-07-31,0.006775
1845-08-31,0.0076125
1845-09-30,0.008450000000000001
1845-10-31,0.0092875
1845-11-30,0.010125
1845-12-31,0.0109625
1846-01-31,0.0118
1846-02-28,0.012041666666666666
1846-03-31,0.012283333333333334
1846-04-30,0.012525
1846-05-31,0.012766666666666666
1846-06-30,0.013008333333333334
1846-07-31,0.01325
1846-08-31,0.013491666666666666
1846-09-30,0.013733333333333334
1846-10-31,0.013975
1846-11-30,0.014216666666666666
1846-12-31,0.014458333333333333
1847-01-31,0.0147
1847-02-28,0.014924999999999999
1847-03-31,0.01515
1847-04-30,0.015375
1847-05-31,0.0156
1847-06-30,0.015825
1847-07-31,0.01605
1847-08-31,0.016274999999999998
1847-09-30,0.0165
1847-10-31,0.016725
1847-11-30,0.01695
1847-12-31,0.017175
1848-01-31,0.0174
1848-02-29,0.017599999999999998
1848-03-31,0.0178
1848-04-30,0.018
1848-05-31,0.0182
1848-06-30,0.0184
1848-07-31,0.0186
1848-08-31,0.0188
1848-09-30,0.019
1848-10-31,0.019200000000000002
1848-11-30,0.0194
1848-12-31,0.0196
1849-01-31,0.0198
1849-02-28,0.020116666666666668
1849-03-31,0.020433333333333335
1849-04-30,0.02075
1849-05-31,0.021066666666666668
1849-06-30,0.021383333333333334
1849-07-31,0.0217
1849-08-31,0.022016666666666667
1849-09-30,0.022333333333333334
1849-10-31,0.02265
1849-11-30,0.022966666666666666
1849-12-31,0.023283333333333333
1850-01-31,0.0236
1850-02-28,0.023891666666666665
1850-03-31,0.024183333333333334
1850-04-30,0.024475
1850-05-31,0.024766666666666666
1850-06-30,0.025058333333333332
1850-07-31,0.025349999999999998
1850-08-31,0.025641666666666667
1850-09-30,0.025933333333333333
1850-10-31,0.026225
1850-11-30,0.026516666666666668
1850-12-31,0.026808333333333333
1851-01-31,0.0271
1851-02-28,0.027491666666666664
1851-03-31,0.027883333333333333
1851-04-30,0.028275
1851-05-31,0.028666666666666667
1851-06-30,0.029058333333333332
1851-07-31,0.02945
1851-08-31,0.02984166666666667
1851-09-30,0.030233333333333334
1851-10-31,0.030625
1851-11-30,0.031016666666666668
1851-12-31,0.03140833333333334
1852-01-31,0.0318
1852-02-29,0.03228333333333334
1852-03-31,0.032766666666666666
1852-04-30,0.03325
1852-05-31,0.03373333333333334
1852-06-30,0.034216666666666666
1852-07-31,0.0347
1852-08-31,0.03518333333333334
1852-09-30,0.035666666666666666
1852-10-31,0.03615
1852-11-30,0.03663333333333334
1852-12-31,0.037116666666666666
1853-01-31,0.0376
1853-02-28,0.038175
1853-03-31,0.03875
1853-04-30,0.039325
1853-05-31,0.0399
1853-06-30,0.040475
1853-07-31,0.04105
1853-08-31,0.041624999999999995
1853-09-30,0.0422
1853-10-31,0.042775
1853-11-30,0.04335
1853-12-31,0.043925
1854-01-31,0.0445
1854-02-28,0.04514166666666666
1854-03-31,0.04578333333333333
1854-04-30,0.046425
1854-05-31,0.047066666666666666
1854-06-30,0.04770833333333333
1854-07-31,0.048350000000000004
1854-08-31,0.04899166666666667
1854-09-30,0.049633333333333335
1854-10-31,0.050275
1854-11-30,0.050916666666666666
1854-12-31,0.05155833333333334
1855-01-31,0.0522
1855-02-28,0.05291666666666667
1855-03-31,0.05363333333333334
1855-04-30,0.05435
1855-05-31,0.05506666666666667
1855-06-30,0.05578333333333334
1855-07-31,0.0565
1855-08-31,0.057216666666666666
1855-09-30,0.05793333333333334
1855-10-31,0.05865
1855-11-30,0.059366666666666665
1855-12-31,0.060083333333333336
1856-01-31,0.0608
1856-02-29,0.061691666666666665
1856-03-31,0.06258333333333334
1856-04-30,0.063475
1856-05-31,0.06436666666666667
1856-06-30,0.06525833333333333
1856-07-31,0.06615
1856-08-31,0.06704166666666667
1856-09-30,0.06793333333333333
1856-10-31,0.068825
1856-11-30,0.06971666666666666
1856-12-31,0.07060833333333333
1857-01-31,0.0715
1857-02-28,0.07264999999999999
1857-03-31,0.07379999999999999
1857-04-30,0.07494999999999999
1857-05-31,0.0761
1857-06-30,0.07725
1857-07-31,0.0784
1857-08-31,0.07955
1857-09-30,0.0807
1857-10-31,0.08185
1857-11-30,0.083
1857-12-31,0.08415
1858-01-31,0.0853
1858-02-28,0.08649166666666666
1858-03-31,0.08768333333333334
1858-04-30,0.088875
1858-05-31,0.09006666666666667
1858-06-30,0.09125833333333333
1858-07-31,0.09245
1858-08-31,0.09364166666666666
1858-09-30,0.09483333333333333
1858-10-31,0.096025
1858-11-30,0.09721666666666666
1858-12-31,0.09840833333333333
1859-01-31,0.0996
1859-02-28,0.10113333333333333
1859-03-31,0.10266666666666666
1859-04-30,0.10419999999999999
1859-05-31,0.10573333333333333
1859-06-30,0.10726666666666666
1859-07-31,0.1088
1859-08-31,0.11033333333333332
1859-09-30,0.11186666666666666
1859-10-31,0.1134
1859-11-30,0.11493333333333333
1859-12-31,0.11646666666666666
1860-01-31,0.118
1860-02-29,0.11975
1860-03-31,0.1215
1860-04-30,0.12325
1860-05-31,0.125
1860-06-30,0.12675
1860-07-31,0.1285
1860-08-31,0.13025
1860-09-30,0.132
1860-10-31,0.13375
1860-11-30,0.1355
1860-12-31,0.13725
1861-01-31,0.139
1861-02-28,0.14133333333333334
1861-03-31,0.14366666666666666
1861-04-30,0.14600000000000002
1861-05-31,0.14833333333333334
1861-06-30,0.15066666666666667
1861-07-31,0.15300000000000002
1861-08-31,0.15533333333333335
1861-09-30,0.15766666666666668
1861-10-31,0.16
1861-11-30,0.16233333333333333
1861-12-31,0.16466666666666668
1862-01-31,0.167
1862-02-28,0.17025
1862-03-31,0.17350000000000002
1862-04-30,0.17675000000000002
1862-05-31,0.18
1862-06-30,0.18325
1862-07-31,0.1865
1862-08-31,0.18975
1862-09-30,0.193
1862-10-31,0.19624999999999998
1862-11-30,0.19949999999999998
1862-12-31,0.20274999999999999
1863-01-31,0.206
1863-02-28,0.209
1863-03-31,0.212
1863-04-30,0.215
1863-05-31,0.218
1863-06-30,0.221
1863-07-31,0.22399999999999998
1863-08-31,0.22699999999999998
1863-09-30,0.22999999999999998
1863-10-31,0.23299999999999998
1863-11-30,0.236
1863-12-31,0.239
1864-01-31,0.242
1864-02-29,0.24583333333333332
1864-03-31,0.24966666666666665
1864-04-30,0.2535
1864-05-31,0.2573333333333333
1864-06-30,0.26116666666666666
1864-07-31,0.265
1864-08-31,0.2688333333333333
1864-09-30,0.27266666666666667
1864-10-31,0.27649999999999997
1864-11-30,0.2803333333333333
1864-12-31,0.2841666666666667
1865-01-31,0.288
1865-02-28,0.29283333333333333
1865-03-31,0.29766666666666663
1865-04-30,0.3025
1865-05-31,0.3073333333333333
1865-06-30,0.31216666666666665
1865-07-31,0.31699999999999995
1865-08-31,0.3218333333333333
1865-09-30,0.32666666666666666
1865-10-31,0.33149999999999996
1865-11-30,0.3363333333333333
1865-12-31,0.3411666666666666
1866-01-31,0.346
1866-02-28,0.3535
1866-03-31,0.361
1866-04-30,0.3685
1866-05-31,0.376
1866-06-30,0.3835
1866-07-31,0.391
1866-08-31,0.39849999999999997
1866-09-30,0.40599999999999997
1866-10-31,0.4135
1866-11-30,0.421
1866-12-31,0.4285
1867-01-31,0.436
1867-02-28,0.42091666666666666
1867-03-31,0.4058333333333333
1867-04-30,0.39075
1867-05-31,0.37566666666666665
1867-06-30,0.36058333333333337
1867-07-31,0.34550000000000003
1867-08-31,0.3304166666666667
1867-09-30,0.31533333333333335
1867-10-31,0.30025
1867-11-30,0.2851666666666667
1867-12-31,0.27008333333333334
1868-01-31,0.255
1868-02-29,0.24891666666666667
1868-03-31,0.24283333333333335
1868-04-30,0.23675000000000002
1868-05-31,0.23066666666666666
1868-06-30,0.22458333333333333
1868-07-31,0.2185
1868-08-31,0.21241666666666667
1868-09-30,0.20633333333333334
1868-10-31,0.20024999999999998
1868-11-30,0.19416666666666665
1868-12-31,0.18808333333333332
1869-01-31,0.182
1869-02-28,0.19358333333333333
1869-03-31,0.20516666666666666
1869-04-30,0.21675
1869-05-31,0.22833333333333333
1869-06-30,0.23991666666666667
1869-07-31,0.2515
1869-08-31,0.26308333333333334
1869-09-30,0.27466666666666667
1869-10-31,0.28625
1869-11-30,0.29783333333333334
1869-12-31,0.3094166666666667
1870-01-31,0.321
1870-02-28,0.33266666666666667
1870-03-31,0.3443333333333333
1870-04-30,0.356
1870-05-31,0.3676666666666667
1870-06-30,0.37933333333333336
1870-07-31,0.391
1870-08-31,0.4026666666666667
1870-09-30,0.41433333333333333
1870-10-31,0.42600000000000005
1870-11-30,0.43766666666666665
1870-12-31,0.44933333333333336
1871-01-31,0.461
1871-02-28,0.4618333333333334
1871-03-31,0.46266666666666667
1871-04-30,0.4635
1871-05-31,0.4643333333333333
1871-06-30,0.4651666666666667
1871-07-31,0.46599999999999997
1871-08-31,0.4668333333333333
1871-09-30,0.4676666666666667
1871-10-31,0.46849999999999997
1871-11-30,0.4693333333333333
1871-12-31,0.4701666666666666
1872-01-31,0.471
1872-02-29,0.4655833333333333
1872-03-31,0.46016666666666667
1872-04-30,0.45475
1872-05-31,0.4493333333333333
1872-06-30,0.4439166666666667
1872-07-31,0.4385
1872-08-31,0.4330833333333333
1872-09-30,0.4276666666666667
1872-10-31,0.42225
1872-11-30,0.41683333333333333
1872-12-31,0.4114166666666667
1873-01-31,0.406
1873-02-28,0.4058333333333334
1873-03-31,0.4056666666666667
1873-04-30,0.4055
1873-05-31,0.4053333333333334
1873-06-30,0.4051666666666667
1873-07-31,0.405
1873-08-31,0.4048333333333334
1873-09-30,0.4046666666666667
1873-10-31,0.4045
1873-11-30,0.4043333333333334
1873-12-31,0.4041666666666667
1874-01-31,0.404
1874-02-28,0.40875
1874-03-31,0.41350000000000003
1874-04-30,0.41825
1874-05-31,0.42300000000000004
1874-06-30,0.42775
1874-07-31,0.4325
1874-08-31,0.43725
1874-09-30,0.442
1874-10-31,0.44675000000000004
1874-11-30,0.4515
1874-12-31,0.45625000000000004
1875-01-31,0.461
1875-02-28,0.46008333333333334
1875-03-31,0.45916666666666667
1875-04-30,0.45825000000000005
1875-05-31,0.45733333333333337
1875-06-30,0.4564166666666667
1875-07-31,0.4555
1875-08-31,0.45458333333333334
1875-09-30,0.45366666666666666
1875-10-31,0.45275
1875-11-30,0.45183333333333336
1875-12-31,0.4509166666666667
1876-01-31,0.45
1876-02-29,0.45283333333333337
1876-03-31,0.45566666666666666
1876-04-30,0.4585
1876-05-31,0.4613333333333333
1876-06-30,0.46416666666666667
1876-07-31,0.46699999999999997
1876-08-31,0.4698333333333333
1876-09-30,0.4726666666666667
1876-10-31,0.4755
1876-11-30,0.47833333333333333
1876-12-31,0.48116666666666663
1877-01-31,0.484
1877-02-28,0.48166666666666663
1877-03-31,0.47933333333333333
1877-04-30,0.477
1877-05-31,0.4746666666666667
1877-06-30,0.4723333333333333
1877-07-31,0.47
1877-08-31,0.4676666666666667
1877-09-30,0.4653333333333333
1877-10-31,0.463
1877-11-30,0.46066666666666667
1877-12-31,0.45833333333333337
1878-01-31,0.456
1878-02-28,0.46033333333333337
1878-03-31,0.4646666666666667
1878-04-30,0.46900000000000003
1878-05-31,0.47333333333333333
1878-06-30,0.4776666666666667
1878-07-31,0.482
1878-08-31,0.48633333333333334
1878-09-30,0.4906666666666667
1878-10-31,0.495
1878-11-30,0.49933333333333335
1878-12-31,0.5036666666666667
1879-01-31,0.508
1879-02-28,0.5656666666666667
1879-03-31,0.6233333333333333
1879-04-30,0.681
1879-05-31,0.7386666666666667
1879-06-30,0.7963333333333333
1879-07-31,0.854
1879-08-31,0.9116666666666666
1879-09-30,0.9693333333333334
1879-10-31,1.0270000000000001
1879-11-30,1.0846666666666667
1879-12-31,1.1423333333333332
1880-01-31,1.2
1880-02-29,1.2058333333333333
1880-03-31,1.2116666666666667
1880-04-30,1.2175
1880-05-31,1.2233333333333334
1880-06-30,1.2291666666666667
1880-07-31,1.2349999999999999
1880-08-31,1.2408333333333332
1880-09-30,1.2466666666666666
1880-10-31,1.2525
1880-11-30,1.2583333333333333
1880-12-31,1.2641666666666667
1881-01-31,1.27
1881-02-28,1.2875
1881-03-31,1.305
1881-04-30,1.3225
1881-05-31,1.34
1881-06-30,1.3575
1881-07-31,1.375
1881-08-31,1.3925
1881-09-30,1.41
1881-10-31,1.4275
1881-11-30,1.445
1881-12-31,1.4625
1882-01-31,1.48
1882-02-28,1.4933333333333334
1882-03-31,1.5066666666666666
1882-04-30,1.52
1882-05-31,1.5333333333333332
1882-06-30,1.5466666666666666
1882-07-31,1.56
1882-08-31,1.5733333333333333
1882-09-30,1.5866666666666667
1882-10-31,1.5999999999999999
1882-11-30,1.6133333333333333
1882-12-31,1.6266666666666665
1883-01-31,1.64
1883-02-28,1.6591666666666667
1883-03-31,1.6783333333333332
1883-04-30,1.6975
1883-05-31,1.7166666666666666
1883-06-30,1.7358333333333333
1883-07-31,1.755
1883-08-31,1.7741666666666667
1883-09-30,1.7933333333333334
1883-10-31,1.8125
1883-11-30,1.8316666666666668
1883-12-31,1.8508333333333333
1884-01-31,1.87
1884-02-29,1.8625
1884-03-31,1.855
1884-04-30,1.8475000000000001
1884-05-31,1.84
1884-06-30,1.8325
1884-07-31,1.8250000000000002
1884-08-31,1.8175000000000001
1884-09-30,1.81
1884-10-31,1.8025
1884-11-30,1.795
1884-12-31,1.7875
1885-01-31,1.78
1885-02-28,1.7875
1885-03-31,1.795
1885-04-30,1.8025
1885-05-31,1.81
1885-06-30,1.8175000000000001
1885-07-31,1.8250000000000002
1885-08-31,1.8325
1885-09-30,1.84
1885-10-31,1.8475000000000001
1885-11-30,1.855
1885-12-31,1.8625
1886-01-31,1.87
1886-02-28,1.8925
1886-03-31,1.915
1886-04-30,1.9375
1886-05-31,1.9600000000000002
1886-06-30,1.9825000000000002
1886-07-31,2.005
1886-08-31,2.0275000000000003
1886-09-30,2.0500000000000003
1886-10-31,2.0725000000000002
1886-11-30,2.095
1886-12-31,2.1175
1887-01-31,2.14
1887-02-28,2.1925
1887-03-31,2.245
1887-04-30,2.2975000000000003
1887-05-31,2.35
1887-06-30,2.4025
1887-07-31,2.455
1887-08-31,2.5075000000000003
1887-09-30,2.56
1887-10-31,2.6125
1887-11-30,2.665
1887-12-31,2.7175000000000002
1888-01-31,2.77
1888-02-29,2.7333333333333334
1888-03-31,2.6966666666666668
1888-04-30,2.66
1888-05-31,2.6233333333333335
1888-06-30,2.586666666666667
1888-07-31,2.55
1888-08-31,2.5133333333333336
1888-09-30,2.4766666666666666
1888-10-31,2.44
1888-11-30,2.4033333333333333
1888-12-31,2.3666666666666667
1889-01-31,2.33
1889-02-28,2.3466666666666667
1889-03-31,2.3633333333333333
1889-04-30,2.38
1889-05-31,2.3966666666666665
1889-06-30,2.413333333333333
1889-07-31,2.4299999999999997
1889-08-31,2.4466666666666668
1889-09-30,2.4633333333333334
1889-10-31,2.48
1889-11-30,2.4966666666666666
1889-12-31,2.513333333333333
1890-01-31,2.53
1890-02-28,2.5533333333333332
1890-03-31,2.5766666666666667
1890-04-30,2.5999999999999996
1890-05-31,2.623333333333333
1890-06-30,2.6466666666666665
1890-07-31,2.67
1890-08-31,2.6933333333333334
1890-09-30,2.716666666666667
1890-10-31,2.74
1890-11-30,2.763333333333333
1890-12-31,2.7866666666666666
1891-01-31,2.81
1891-02-28,2.8075
1891-03-31,2.805
1891-04-30,2.8025
1891-05-31,2.8
1891-06-30,2.7975
1891-07-31,2.795
1891-08-31,2.7925
1891-09-30,2.79
1891-10-31,2.7874999999999996
1891-11-30,2.7849999999999997
1891-12-31,2.7824999999999998
1892-01-31,2.78
1892-02-29,2.793333333333333
1892-03-31,2.8066666666666666
1892-04-30,2.82
1892-05-31,2.833333333333333
1892-06-30,2.8466666666666667
1892-07-31,2.86
1892-08-31,2.873333333333333
1892-09-30,2.8866666666666667
1892-10-31,2.9
1892-11-30,2.913333333333333
1892-12-31,2.9266666666666667
1893-01-31,2.94
1893-02-28,2.9266666666666667
1893-03-31,2.913333333333333
1893-04-30,2.9
1893-05-31,2.8866666666666667
1893-06-30,2.873333333333333
1893-07-31,2.86
1893-08-31,2.8466666666666667
1893-09-30,2.833333333333333
1893-10-31,2.82
1893-11-30,2.8066666666666666
1893-12-31,2.793333333333333
1894-01-31,2.78
1894-02-28,2.7666666666666666
1894-03-31,2.753333333333333
1894-04-30,2.7399999999999998
1894-05-31,2.7266666666666666
1894-06-30,2.7133333333333334
1894-07-31,2.7
1894-08-31,2.6866666666666665
1894-09-30,2.6733333333333333
1894-10-31,2.66
1894-11-30,2.6466666666666665
1894-12-31,2.6333333333333333
1895-01-31,2.62
1895-02-28,2.6358333333333333
1895-03-31,2.651666666666667
1895-04-30,2.6675
1895-05-31,2.6833333333333336
1895-06-30,2.6991666666666667
1895-07-31,2.715
1895-08-31,2.7308333333333334
1895-09-30,2.7466666666666666
1895-10-31,2.7625
1895-11-30,2.7783333333333333
1895-12-31,2.794166666666667
1896-01-31,2.81
1896-02-29,2.8091666666666666
1896-03-31,2.8083333333333336
1896-04-30,2.8075
1896-05-31,2.8066666666666666
1896-06-30,2.805833333333333
1896-07-31,2.8049999999999997
1896-08-31,2.8041666666666667
1896-09-30,2.8033333333333332
1896-10-31,2.8024999999999998
1896-11-30,2.8016666666666667
1896-12-31,2.8008333333333333
1897-01-31,2.8
1897-02-28,2.8116666666666665
1897-03-31,2.8233333333333333
1897-04-30,2.835
1897-05-31,2.8466666666666667
1897-06-30,2.8583333333333334
1897-07-31,2.87
1897-08-31,2.8816666666666664
1897-09-30,2.893333333333333
1897-10-31,2.905
1897-11-30,2.9166666666666665
1897-12-31,2.9283333333333332
1898-01-31,2.94
1898-02-28,2.9891666666666667
1898-03-31,3.038333333333333
1898-04-30,3.0875
1898-05-31,3.1366666666666667
1898-06-30,3.185833333333333
1898-07-31,3.235
1898-08-31,3.2841666666666667
1898-09-30,3.333333333333333
1898-10-31,3.3825
1898-11-30,3.4316666666666666
1898-12-31,3.480833333333333
1899-01-31,3.53
1899-02-28,3.5466666666666664
1899-03-31,3.563333333333333
1899-04-30,3.58
1899-05-31,3.5966666666666667
1899-06-30,3.6133333333333333
1899-07-31,3.63
1899-08-31,3.6466666666666665
1899-09-30,3.663333333333333
1899-10-31,3.6799999999999997
1899-11-30,3.6966666666666668
1899-12-31,3.7133333333333334
1900-01-31,3.73
1900-02-28,3.7725
1900-03-31,3.815
1900-04-30,3.8575
1900-05-31,3.9
1900-06-30,3.9425
1900-07-31,3.9850000000000003
1900-08-31,4.0275
1900-09-30,4.07
1900-10-31,4.1125
1900-11-30,4.155
1900-12-31,4.1975
1901-01-31,4.24
1901-02-28,4.260833333333333
1901-03-31,4.281666666666667
1901-04-30,4.3025
1901-05-31,4.323333333333333
1901-06-30,4.344166666666667
1901-07-31,4.365
1901-08-31,4.385833333333333
1901-09-30,4.406666666666667
1901-10-31,4.4275
1901-11-30,4.448333333333333
1901-12-31,4.469166666666667
1902-01-31,4.49
1902-02-28,4.514166666666667
1902-03-31,4.538333333333334
1902-04-30,4.5625
1902-05-31,4.586666666666667
1902-06-30,4.610833333333334
1902-07-31,4.635
1902-08-31,4.659166666666667
1902-09-30,4.683333333333334
1902-10-31,4.7075000000000005
1902-11-30,4.731666666666667
1902-12-31,4.755833333333333
1903-01-31,4.78
1903-02-28,4.84
1903-03-31,4.9
1903-04-30,4.96
1903-05-31,5.0200000000000005
1903-06-30,5.08
1903-07-31,5.140000000000001
1903-08-31,5.2
1903-09-30,5.26
1903-10-31,5.32
1903-11-30,5.38
1903-12-31,5.4399999999999995
1904-01-31,5.5
1904-02-29,5.5183333333333335
1904-03-31,5.536666666666667
1904-04-30,5.555
1904-05-31,5.573333333333333
1904-06-30,5.591666666666667
1904-07-31,5.609999999999999
1904-08-31,5.628333333333333
1904-09-30,5.6466666666666665
1904-10-31,5.665
1904-11-30,5.683333333333334
1904-12-31,5.701666666666666
1905-01-31,5.72
1905-02-28,5.7325
1905-03-31,5.745
1905-04-30,5.7575
1905-05-31,5.77
1905-06-30,5.7825
1905-07-31,5.795
1905-08-31,5.8075
1905-09-30,5.82
1905-10-31,5.8325
1905-11-30,5.845
1905-12-31,5.8575
1906-01-31,5.87
1906-02-28,5.979166666666667
1906-03-31,6.088333333333333
1906-04-30,6.1975
1906-05-31,6.306666666666667
1906-06-30,6.4158333333333335
1906-07-31,6.525
1906-08-31,6.634166666666666
1906-09-30,6.743333333333333
1906-10-31,6.8525
1906-11-30,6.961666666666666
1906-12-31,7.070833333333333
1907-01-31,7.18
1907-02-28,7.166666666666666
1907-03-31,7.153333333333333
1907-04-30,7.14
1907-05-31,7.126666666666666
1907-06-30,7.113333333333333
1907-07-31,7.1
1907-08-31,7.086666666666666
1907-09-30,7.073333333333333
1907-10-31,7.06
1907-11-30,7.046666666666666
1907-12-31,7.033333333333333
1908-01-31,7.02
1908-02-29,6.977499999999999
1908-03-31,6.935
1908-04-30,6.8925
1908-05-31,6.85
1908-06-30,6.807499999999999
1908-07-31,6.765
1908-08-31,6.7225
1908-09-30,6.68
1908-10-31,6.637499999999999
1908-11-30,6.595
1908-12-31,6.5525
1909-01-31,6.51
1909-02-28,6.5675
1909-03-31,6.625
1909-04-30,6.6825
1909-05-31,6.74
1909-06-30,6.7975
1909-07-31,6.855
1909-08-31,6.9125
1909-09-30,6.97
1909-10-31,7.0275
1909-11-30,7.085
1909-12-31,7.1425
1910-01-31,7.2
1910-02-28,7.281666666666667
1910-03-31,7.363333333333333
1910-04-30,7.445
1910-05-31,7.526666666666666
1910-06-30,7.608333333333333
1910-07-31,7.6899999999999995
1910-08-31,7.7716666666666665
1910-09-30,7.8533333333333335
1910-10-31,7.935
1910-11-30,8.016666666666666
1910-12-31,8.098333333333333
1911-01-31,8.18
1911-02-28,8.236666666666666
1911-03-31,8.293333333333333
1911-04-30,8.35
1911-05-31,8.406666666666666
1911-06-30,8.463333333333333
1911-07-31,8.52
1911-08-31,8.576666666666666
1911-09-30,8.633333333333333
1911-10-31,8.69
1911-11-30,8.746666666666666
1911-12-31,8.803333333333333
1912-01-31,8.86
1912-02-29,8.963333333333333
1912-03-31,9.066666666666666
1912-04-30,9.17
1912-05-31,9.273333333333333
1912-06-30,9.376666666666667
1912-07-31,9.48
1912-08-31,9.583333333333332
1912-09-30,9.686666666666666
1912-10-31,9.79
1912-11-30,9.893333333333333
1912-12-31,9.996666666666666
1913-01-31,10.1
1913-02-28,9.969166666666666
1913-03-31,9.838333333333333
1913-04-30,9.7075
1913-05-31,9.576666666666666
1913-06-30,9.445833333333333
1913-07-31,9.315
1913-08-31,9.184166666666666
1913-09-30,9.053333333333333
1913-10-31,8.9225
1913-11-30,8.791666666666666
1913-12-31,8.660833333333333
1914-01-31,8.53
1914-02-28,8.445
1914-03-31,8.36
1914-04-30,8.274999999999999
1914-05-31,8.19
1914-06-30,8.105
1914-07-31,8.02
1914-08-31,7.935
1914-09-30,7.85
1914-10-31,7.765
1914-11-30,7.68
1914-12-31,7.595
1915-01-31,7.51
1915-02-28,7.661666666666666
1915-03-31,7.8133333333333335
1915-04-30,7.965
1915-05-31,8.116666666666667
1915-06-30,8.268333333333333
1915-07-31,8.42
1915-08-31,8.571666666666667
1915-09-30,8.723333333333333
1915-10-31,8.875
1915-11-30,9.026666666666667
1915-12-31,9.178333333333333
1916-01-31,9.33
1916-02-29,9.410833333333333
1916-03-31,9.491666666666667
1916-04-30,9.5725
1916-05-31,9.653333333333334
1916-06-30,9.734166666666667
1916-07-31,9.815000000000001
1916-08-31,9.895833333333334
1916-09-30,9.976666666666667
1916-10-31,10.057500000000001
1916-11-30,10.138333333333334
1916-12-31,10.219166666666668
1917-01-31,10.3
1917-02-28,10.333333333333334
1917-03-31,10.366666666666667
1917-04-30,10.4
1917-05-31,10.433333333333334
1917-06-30,10.466666666666667
1917-07-31,10.5
1917-08-31,10.533333333333333
1917-09-30,10.566666666666666
1917-10-31,10.6
1917-11-30,10.633333333333333
1917-12-31,10.666666666666666
1918-01-31,10.7
1918-02-28,10.550833333333333
1918-03-31,10.401666666666666
1918-04-30,10.2525
1918-05-31,10.103333333333333
1918-06-30,9.954166666666666
1918-07-31,9.805
1918-08-31,9.655833333333334
1918-09-30,9.506666666666666
1918-10-31,9.3575
1918-11-30,9.208333333333334
1918-12-31,9.059166666666666
1919-01-31,8.91
1919-02-28,8.970833333333333
1919-03-31,9.031666666666666
1919-04-30,9.092500000000001
1919-05-31,9.153333333333334
1919-06-30,9.214166666666667
1919-07-31,9.275
1919-08-31,9.335833333333333
1919-09-30,9.396666666666667
1919-10-31,9.4575
1919-11-30,9.518333333333334
1919-12-31,9.579166666666667
1920-01-31,9.64
1920-02-29,9.585
1920-03-31,9.530000000000001
1920-04-30,9.475000000000001
1920-05-31,9.42
1920-06-30,9.365
1920-07-31,9.31
1920-08-31,9.255
1920-09-30,9.200000000000001
1920-10-31,9.145
1920-11-30,9.09
1920-12-31,9.035
1921-01-31,8.98
1921-02-28,8.865
1921-03-31,8.75
1921-04-30,8.635
1921-05-31,8.52
1921-06-30,8.405
1921-07-31,8.29
1921-08-31,8.175
1921-09-30,8.06
1921-10-31,7.945
1921-11-30,7.83
1921-12-31,7.715
1922-01-31,7.6
1922-02-28,7.808333333333333
1922-03-31,8.016666666666666
1922-04-30,8.225
1922-05-31,8.433333333333334
1922-06-30,8.641666666666666
1922-07-31,8.85
1922-08-31,9.058333333333334
1922-09-30,9.266666666666666
1922-10-31,9.475
1922-11-30,9.683333333333334
1922-12-31,9.891666666666666
1923-01-31,10.1
1923-02-28,9.9475
1923-03-31,9.795
1923-04-30,9.6425
1923-05-31,9.49
1923-06-30,9.3375
1923-07-31,9.184999999999999
1923-08-31,9.032499999999999
1923-09-30,8.879999999999999
1923-10-31,8.7275
1923-11-30,8.575
1923-12-31,8.4225
1924-01-31,8.27
1924-02-29,8.24
1924-03-31,8.209999999999999
1924-04-30,8.18
1924-05-31,8.15
1924-06-30,8.12
1924-07-31,8.09
1924-08-31,8.06
1924-09-30,8.03
1924-10-31,8.0
1924-11-30,7.97
1924-12-31,7.94
1925-01-31,7.91
1925-02-28,7.98
1925-03-31,8.05
1925-04-30,8.120000000000001
1925-05-31,8.19
1925-06-30,8.26
1925-07-31,8.33
1925-08-31,8.4
1925-09-30,8.47
1925-10-31,8.54
1925-11-30,8.61
1925-12-31,8.68
1926-01-31,8.75
1926-02-28,8.7975
1926-03-31,8.845
1926-04-30,8.8925
1926-05-31,8.94
1926-06-30,8.9875
1926-07-31,9.035
1926-08-31,9.0825
1926-09-30,9.13
1926-10-31,9.1775
1926-11-30,9.225
1926-12-31,9.2725
1927-01-31,9.32
1927-02-28,9.32
1927-03-31,9.32
1927-04-30,9.32
1927-05-31,9.32
1927-06-30,9.32
1927-07-31,9.32
1927-08-31,9.32
1927-09-30,9.32
1927-10-31,9.32
1927-11-30,9.32
1927-12-31,9.32
1928-01-31,9.32
1928-02-29,9.348333333333333
1928-03-31,9.376666666666667
1928-04-30,9.405000000000001
1928-05-31,9.433333333333334
1928-06-30,9.461666666666666
1928-07-31,9.49
1928-08-31,9.518333333333334
1928-09-30,9.546666666666667
1928-10-31,9.575
1928-11-30,9.603333333333333
1928-12-31,9.631666666666668
1929-01-31,9.66
1929-02-28,9.608333333333334
1929-03-31,9.556666666666667
1929-04-30,9.504999999999999
1929-05-31,9.453333333333333
1929-06-30,9.401666666666667
1929-07-31,9.35
1929-08-31,9.298333333333332
1929-09-30,9.246666666666666
1929-10-31,9.195
1929-11-30,9.143333333333333
1929-12-31,9.091666666666665
1930-01-31,9.04
1930-02-28,8.882499999999999
1930-03-31,8.725
1930-04-30,8.567499999999999
1930-05-31,8.41
1930-06-30,8.2525
1930-07-31,8.094999999999999
1930-08-31,7.9375
1930-09-30,7.78
1930-10-31,7.6225000000000005
1930-11-30,7.465
1930-12-31,7.3075
1931-01-31,7.15
1931-02-28,7.098333333333334
1931-03-31,7.046666666666667
1931-04-30,6.995
1931-05-31,6.943333333333333
1931-06-30,6.891666666666667
1931-07-31,6.84
1931-08-31,6.788333333333334
1931-09-30,6.736666666666667
1931-10-31,6.6850000000000005
1931-11-30,6.633333333333334
1931-12-31,6.581666666666667
1932-01-31,6.53
1932-02-29,6.5183333333333335
1932-03-31,6.506666666666667
1932-04-30,6.495
1932-05-31,6.483333333333333
1932-06-30,6.471666666666667
1932-07-31,6.46
1932-08-31,6.448333333333333
1932-09-30,6.4366666666666665
1932-10-31,6.425
1932-11-30,6.413333333333333
1932-12-31,6.401666666666666
1933-01-31,6.39
1933-02-28,6.464166666666666
1933-03-31,6.538333333333333
1933-04-30,6.6125
1933-05-31,6.6866666666666665
1933-06-30,6.760833333333333
1933-07-31,6.835
1933-08-31,6.909166666666667
1933-09-30,6.983333333333333
1933-10-31,7.0575
1933-11-30,7.131666666666667
1933-12-31,7.2058333333333335
1934-01-31,7.28
1934-02-28,7.265833333333333
1934-03-31,7.251666666666667
1934-04-30,7.237500000000001
1934-05-31,7.223333333333334
1934-06-30,7.2091666666666665
1934-07-31,7.195
1934-08-31,7.180833333333334
1934-09-30,7.166666666666667
1934-10-31,7.1525
1934-11-30,7.138333333333334
1934-12-31,7.124166666666667
1935-01-31,7.11
1935-02-28,7.159166666666667
1935-03-31,7.208333333333334
1935-04-30,7.2575
1935-05-31,7.306666666666667
1935-06-30,7.355833333333334
1935-07-31,7.405
1935-08-31,7.454166666666667
1935-09-30,7.503333333333334
1935-10-31,7.5525
1935-11-30,7.601666666666667
1935-12-31,7.650833333333334
1936-01-31,7.7
1936-02-29,7.7475000000000005
1936-03-31,7.795
1936-04-30,7.8425
1936-05-31,7.89
1936-06-30,7.9375
1936-07-31,7.984999999999999
1936-08-31,8.0325
1936-09-30,8.08
1936-10-31,8.1275
1936-11-30,8.174999999999999
1936-12-31,8.2225
1937-01-31,8.27
1937-02-28,8.205833333333333
1937-03-31,8.141666666666666
1937-04-30,8.0775
1937-05-31,8.013333333333334
1937-06-30,7.949166666666667
1937-07-31,7.885
1937-08-31,7.820833333333333
1937-09-30,7.756666666666667
1937-10-31,7.6925
1937-11-30,7.628333333333333
1937-12-31,7.564166666666667
1938-01-31,7.5
1938-02-28,7.5625
1938-03-31,7.625
1938-04-30,7.6875
1938-05-31,7.75
1938-06-30,7.8125
1938-07-31,7.875
1938-08-31,7.9375
1938-09-30,8.0
1938-10-31,8.0625
1938-11-30,8.125
1938-12-31,8.1875
1939-01-31,8.25
1939-02-28,8.34
1939-03-31,8.43
1939-04-30,8.52
1939-05-31,8.61
1939-06-30,8.7
1939-07-31,8.79
1939-08-31,8.88
1939-09-30,8.97
1939-10-31,9.06
1939-11-30,9.15
1939-12-31,9.24
1940-01-31,9.33
1940-02-29,9.4025
1940-03-31,9.475
1940-04-30,9.5475
1940-05-31,9.62
1940-06-30,9.692499999999999
1940-07-31,9.765
1940-08-31,9.8375
1940-09-30,9.91
1940-10-31,9.9825
1940-11-30,10.055
1940-12-31,10.1275
1941-01-31,10.2
1941-02-28,10.266666666666666
1941-03-31,10.333333333333332
1941-04-30,10.399999999999999
1941-05-31,10.466666666666667
1941-06-30,10.533333333333333
1941-07-31,10.6
1941-08-31,10.666666666666666
1941-09-30,10.733333333333333
1941-10-31,10.8
1941-11-30,10.866666666666667
1941-12-31,10.933333333333334
1942-01-31,11.0
1942-02-28,11.033333333333333
1942-03-31,11.066666666666666
1942-04-30,11.1
1942-05-31,11.133333333333333
1942-06-30,11.166666666666666
1942-07-31,11.2
1942-08-31,11.233333333333334
1942-09-30,11.266666666666667
1942-10-31,11.3
1942-11-30,11.333333333333334
1942-12-31,11.366666666666667
1943-01-31,11.4
1943-02-28,11.408333333333333
1943-03-31,11.416666666666668
1943-04-30,11.425
1943-05-31,11.433333333333334
1943-06-30,11.441666666666666
1943-07-31,11.45
1943-08-31,11.458333333333334
1943-09-30,11.466666666666667
1943-10-31,11.475
1943-11-30,11.483333333333334
1943-12-31,11.491666666666667
1944-01-31,11.5
1944-02-29,11.416666666666666
1944-03-31,11.333333333333334
1944-04-30,11.25
1944-05-31,11.166666666666666
1944-06-30,11.083333333333334
1944-07-31,11.0
1944-08-31,10.916666666666666
1944-09-30,10.833333333333334
1944-10-31,10.75
1944-11-30,10.666666666666666
1944-12-31,10.583333333333334
1945-01-31,10.5
1945-02-28,10.541666666666666
1945-03-31,10.583333333333334
1945-04-30,10.625
1945-05-31,10.666666666666666
1945-06-30,10.708333333333334
1945-07-31,10.75
1945-08-31,10.791666666666666
1945-09-30,10.833333333333334
1945-10-31,10.875
1945-11-30,10.916666666666666
1945-12-31,10.958333333333334
1946-01-31,11.0
1946-02-28,11.016666666666666
1946-03-31,11.033333333333333
1946-04-30,11.05
1946-05-31,11.066666666666666
1946-06-30,11.083333333333332
1946-07-31,11.1
1946-08-31,11.116666666666667
1946-09-30,11.133333333333333
1946-10-31,11.149999999999999
1946-11-30,11.166666666666666
1946-12-31,11.183333333333334
1947-01-31,11.2
1947-02-28,11.274999999999999
1947-03-31,11.35
1947-04-30,11.424999999999999
1947-05-31,11.5
1947-06-30,11.575
1947-07-31,11.649999999999999
1947-08-31,11.725
1947-09-30,11.799999999999999
1947-10-31,11.875
1947-11-30,11.95
1947-12-31,12.025
1948-01-31,12.1
1948-02-29,11.991666666666667
1948-03-31,11.883333333333333
1948-04-30,11.775
1948-05-31,11.666666666666666
1948-06-30,11.558333333333334
1948-07-31,11.45
1948-08-31,11.341666666666667
1948-09-30,11.233333333333334
1948-10-31,11.125
1948-11-30,11.016666666666667
1948-12-31,10.908333333333335
1949-01-31,10.8
1949-02-28,10.833333333333334
1949-03-31,10.866666666666667
1949-04-30,10.9
1949-05-31,10.933333333333334
1949-06-30,10.966666666666667
1949-07-31,11.0
1949-08-31,11.033333333333333
1949-09-30,11.066666666666666
1949-10-31,11.1
1949-11-30,11.133333333333333
1949-12-31,11.166666666666666
1950-01-31,11.2
1950-02-28,11.225
1950-03-31,11.25
1950-04-30,11.274999999999999
1950-05-31,11.299999999999999
1950-06-30,11.325
1950-07-31,11.35
1950-08-31,11.375
1950-09-30,11.4
1950-10-31,11.425
1950-11-30,11.45
1950-12-31,11.475
1951-01-31,11.5
1951-02-28,11.458333333333334
1951-03-31,11.416666666666666
1951-04-30,11.375
1951-05-31,11.333333333333334
1951-06-30,11.291666666666666
1951-07-31,11.25
1951-08-31,11.208333333333334
1951-09-30,11.166666666666666
1951-10-31,11.125
1951-11-30,11.083333333333334
1951-12-31,11.041666666666666
1952-01-31,11.0
1952-02-29,10.983333333333334
1952-03-31,10.966666666666667
1952-04-30,10.95
1952-05-31,10.933333333333334
1952-06-30,10.916666666666668
1952-07-31,10.9
1952-08-31,10.883333333333333
1952-09-30,10.866666666666667
1952-10-31,10.850000000000001
1952-11-30,10.833333333333334
1952-12-31,10.816666666666666
1953-01-31,10.8
1953-02-28,10.791666666666668
1953-03-31,10.783333333333333
1953-04-30,10.775
1953-05-31,10.766666666666667
1953-06-30,10.758333333333333
1953-07-31,10.75
1953-08-31,10.741666666666667
1953-09-30,10.733333333333333
1953-10-31,10.725
1953-11-30,10.716666666666667
1953-12-31,10.708333333333332
1954-01-31,10.7
1954-02-28,10.708333333333332
1954-03-31,10.716666666666667
1954-04-30,10.725
1954-05-31,10.733333333333333
1954-06-30,10.741666666666667
1954-07-31,10.75
1954-08-31,10.758333333333333
1954-09-30,10.766666666666667
1954-10-31,10.775
1954-11-30,10.783333333333333
1954-12-31,10.791666666666668
1955-01-31,10.8
1955-02-28,10.875
1955-03-31,10.950000000000001
1955-04-30,11.025
1955-05-31,11.1
1955-06-30,11.175
1955-07-31,11.25
1955-08-31,11.325
1955-09-30,11.4
1955-10-31,11.475
1955-11-30,11.549999999999999
1955-12-31,11.625
1956-01-31,11.7
1956-02-29,11.641666666666666
1956-03-31,11.583333333333332
1956-04-30,11.524999999999999
1956-05-31,11.466666666666667
1956-06-30,11.408333333333333
1956-07-31,11.35
1956-08-31,11.291666666666666
1956-09-30,11.233333333333333
1956-10-31,11.175
1956-11-30,11.116666666666667
1956-12-31,11.058333333333334
1957-01-31,11.0
1957-02-28,10.975
1957-03-31,10.95
1957-04-30,10.925
1957-05-31,10.9
1957-06-30,10.875
1957-07-31,10.85
1957-08-31,10.825
1957-09-30,10.799999999999999
1957-10-31,10.774999999999999
1957-11-30,10.75
1957-12-31,10.725
1958-01-31,10.7
1958-02-28,10.683333333333334
1958-03-31,10.666666666666666
1958-04-30,10.649999999999999
1958-05-31,10.633333333333333
1958-06-30,10.616666666666667
1958-07-31,10.6
1958-08-31,10.583333333333332
1958-09-30,10.566666666666666
1958-10-31,10.55
1958-11-30,10.533333333333333
1958-12-31,10.516666666666666
1959-01-31,10.5
1959-02-28,10.525
1959-03-31,10.55
1959-04-30,10.575
1959-05-31,10.6
1959-06-30,10.625
1959-07-31,10.65
1959-08-31,10.675
1959-09-30,10.700000000000001
1959-10-31,10.725000000000001
1959-11-30,10.75
1959-12-31,10.775
1960-01-31,10.8
1960-02-29,10.783333333333333
1960-03-31,10.766666666666667
1960-04-30,10.75
1960-05-31,10.733333333333334
1960-06-30,10.716666666666667
1960-07-31,10.7
1960-08-31,10.683333333333334
1960-09-30,10.666666666666666
1960-10-31,10.65
1960-11-30,10.633333333333333
1960-12-31,10.616666666666667
1961-01-31,10.6
1961-02-28,10.641666666666666
1961-03-31,10.683333333333334
1961-04-30,10.725
1961-05-31,10.766666666666666
1961-06-30,10.808333333333334
1961-07-31,10.85
1961-08-31,10.891666666666666
1961-09-30,10.933333333333334
1961-10-31,10.975
1961-11-30,11.016666666666666
1961-12-31,11.058333333333334
1962-01-31,11.1
1962-02-28,11.1
1962-03-31,11.1
1962-04-30,11.1
1962-05-31,11.1
1962-06-30,11.1
1962-07-31,11.1
1962-08-31,11.1
1962-09-30,11.1
1962-10-31,11.1
1962-11-30,11.1
1962-12-31,11.1
1963-01-31,11.1
1963-02-28,11.2
1963-03-31,11.3
1963-04-30,11.4
1963-05-31,11.5
1963-06-30,11.6
1963-07-31,11.7
1963-08-31,11.8
1963-09-30,11.9
1963-10-31,12.0
1963-11-30,12.100000000000001
1963-12-31,12.200000000000001
1964-01-31,12.3
1964-02-29,12.341666666666667
1964-03-31,12.383333333333335
1964-04-30,12.425
1964-05-31,12.466666666666667
1964-06-30,12.508333333333335
1964-07-31,12.55
1964-08-31,12.591666666666667
1964-09-30,12.633333333333335
1964-10-31,12.675
1964-11-30,12.716666666666667
1964-12-31,12.758333333333335
1965-01-31,12.8
1965-02-28,12.808333333333334
1965-03-31,12.816666666666666
1965-04-30,12.825000000000001
1965-05-31,12.833333333333334
1965-06-30,12.841666666666667
1965-07-31,12.850000000000001
1965-08-31,12.858333333333334
1965-09-30,12.866666666666667
1965-10-31,12.875
1965-11-30,12.883333333333333
1965-12-31,12.891666666666667
1966-01-31,12.9
1966-02-28,12.975
1966-03-31,13.05
1966-04-30,13.125
1966-05-31,13.200000000000001
1966-06-30,13.275
1966-07-31,13.350000000000001
1966-08-31,13.425
1966-09-30,13.5
1966-10-31,13.575000000000001
1966-11-30,13.65
1966-12-31,13.725000000000001
1967-01-31,13.8
1967-02-28,13.866666666666667
1967-03-31,13.933333333333334
1967-04-30,14.0
1967-05-31,14.066666666666666
1967-06-30,14.133333333333333
1967-07-31,14.2
1967-08-31,14.266666666666667
1967-09-30,14.333333333333334
1967-10-31,14.4
1967-11-30,14.466666666666667
1967-12-31,14.533333333333333
1968-01-31,14.6
1968-02-29,14.6
1968-03-31,14.6
1968-04-30,14.6
1968-05-31,14.6
1968-06-30,14.6
1968-07-31,14.6
1968-08-31,14.6
1968-09-30,14.6
1968-10-31,14.6
1968-11-30,14.6
1968-12-31,14.6
1969-01-31,14.6
1969-02-28,14.708333333333332
1969-03-31,14.816666666666666
1969-04-30,14.925
1969-05-31,15.033333333333333
1969-06-30,15.141666666666666
1969-07-31,15.25
1969-08-31,15.358333333333334
1969-09-30,15.466666666666667
1969-10-31,15.575
1969-11-30,15.683333333333334
1969-12-31,15.791666666666668
1970-01-31,15.9
1970-02-28,15.925
1970-03-31,15.95
1970-04-30,15.975
1970-05-31,16.0
1970-06-30,16.025
1970-07-31,16.05
1970-08-31,16.075
1970-09-30,16.1
1970-10-31,16.125
1970-11-30,16.15
1970-12-31,16.175
1971-01-31,16.2
1971-02-28,16.28333333333333
1971-03-31,16.366666666666667
1971-04-30,16.45
1971-05-31,16.53333333333333
1971-06-30,16.616666666666667
1971-07-31,16.7
1971-08-31,16.78333333333333
1971-09-30,16.866666666666667
1971-10-31,16.95
1971-11-30,17.03333333333333
1971-12-31,17.116666666666667
1972-01-31,17.2
1972-02-29,17.183333333333334
1972-03-31,17.166666666666664
1972-04-30,17.15
1972-05-31,17.133333333333333
1972-06-30,17.116666666666667
1972-07-31,17.1
1972-08-31,17.083333333333332
1972-09-30,17.066666666666666
1972-10-31,17.05
1972-11-30,17.03333333333333
1972-12-31,17.016666666666666
1973-01-31,17.0
1973-02-28,17.008333333333333
1973-03-31,17.016666666666666
1973-04-30,17.025
1973-05-31,17.033333333333335
1973-06-30,17.041666666666668
1973-07-31,17.05
1973-08-31,17.058333333333334
1973-09-30,17.066666666666666
1973-10-31,17.075000000000003
1973-11-30,17.083333333333336
1973-12-31,17.09166666666667
1974-01-31,17.1
1974-02-28,17.108333333333334
1974-03-31,17.116666666666667
1974-04-30,17.125
1974-05-31,17.133333333333333
1974-06-30,17.141666666666666
1974-07-31,17.15
1974-08-31,17.158333333333335
1974-09-30,17.166666666666668
1974-10-31,17.175
1974-11-30,17.183333333333334
1974-12-31,17.191666666666666
1975-01-31,17.2
1975-02-28,17.183333333333334
1975-03-31,17.166666666666664
1975-04-30,17.15
1975-05-31,17.133333333333333
1975-06-30,17.116666666666667
1975-07-31,17.1
1975-08-31,17.083333333333332
1975-09-30,17.066666666666666
1975-10-31,17.05
1975-11-30,17.03333333333333
1975-12-31,17.016666666666666
1976-01-31,17.0
1976-02-29,17.016666666666666
1976-03-31,17.03333333333333
1976-04-30,17.05
1976-05-31,17.066666666666666
1976-06-30,17.083333333333332
1976-07-31,17.1
1976-08-31,17.116666666666667
1976-09-30,17.133333333333333
1976-10-31,17.15
1976-11-30,17.166666666666664
1976-12-31,17.183333333333334
1977-01-31,17.2
1977-02-28,17.208333333333332
1977-03-31,17.216666666666665
1977-04-30,17.225
1977-05-31,17.233333333333334
1977-06-30,17.241666666666667
1977-07-31,17.25
1977-08-31,17.258333333333333
1977-09-30,17.266666666666666
1977-10-31,17.275
1977-11-30,17.283333333333335
1977-12-31,17.291666666666668
1978-01-31,17.3
1978-02-28,17.375
1978-03-31,17.45
1978-04-30,17.525
1978-05-31,17.6
1978-06-30,17.675
1978-07-31,17.75
1978-08-31,17.825
1978-09-30,17.9
1978-10-31,17.975
1978-11-30,18.05
1978-12-31,18.125
1979-01-31,18.2
1979-02-28,18.191666666666666
1979-03-31,18.183333333333334
1979-04-30,18.175
1979-05-31,18.166666666666668
1979-06-30,18.158333333333335
1979-07-31,18.15
1979-08-31,18.141666666666666
1979-09-30,18.133333333333333
1979-10-31,18.125
1979-11-30,18.116666666666667
1979-12-31,18.108333333333334
1980-01-31,18.1
1980-02-29,18.033333333333335
1980-03-31,17.96666666666667
1980-04-30,17.900000000000002
1980-05-31,17.833333333333336
1980-06-30,17.76666666666667
1980-07-31,17.700000000000003
1980-08-31,17.633333333333333
1980-09-30,17.566666666666666
1980-10-31,17.5
1980-11-30,17.433333333333334
1980-12-31,17.366666666666667
1981-01-31,17.3
1981-02-28,17.241666666666667
1981-03-31,17.183333333333334
1981-04-30,17.125
1981-05-31,17.066666666666666
1981-06-30,17.008333333333333
1981-07-31,16.950000000000003
1981-08-31,16.89166666666667
1981-09-30,16.833333333333336
1981-10-31,16.775000000000002
1981-11-30,16.71666666666667
1981-12-31,16.658333333333335
1982-01-31,16.6
1982-02-28,16.566666666666666
1982-03-31,16.533333333333335
1982-04-30,16.5
1982-05-31,16.46666666666667
1982-06-30,16.433333333333334
1982-07-31,16.4
1982-08-31,16.366666666666667
1982-09-30,16.333333333333332
1982-10-31,16.3
1982-11-30,16.266666666666666
1982-12-31,16.233333333333334
1983-01-31,16.2
1983-02-28,16.233333333333334
1983-03-31,16.266666666666666
1983-04-30,16.3
1983-05-31,16.333333333333332
1983-06-30,16.366666666666667
1983-07-31,16.4
1983-08-31,16.433333333333334
1983-09-30,16.46666666666667
1983-10-31,16.5
1983-11-30,16.533333333333335
1983-12-31,16.566666666666666
1984-01-31,16.6
1984-02-29,16.575000000000003
1984-03-31,16.55
1984-04-30,16.525000000000002
1984-05-31,16.5
1984-06-30,16.475
1984-07-31,16.450000000000003
1984-08-31,16.425
1984-09-30,16.400000000000002
1984-10-31,16.375
1984-11-30,16.35
1984-12-31,16.325
1985-01-31,16.3
1985-02-28,16.233333333333334
1985-03-31,16.166666666666668
1985-04-30,16.1
1985-05-31,16.033333333333335
1985-06-30,15.966666666666667
1985-07-31,15.9
1985-08-31,15.833333333333334
1985-09-30,15.766666666666667
1985-10-31,15.7
1985-11-30,15.633333333333333
1985-12-31,15.566666666666666
1986-01-31,15.5
1986-02-28,15.558333333333334
1986-03-31,15.616666666666667
1986-04-30,15.675
1986-05-31,15.733333333333333
1986-06-30,15.791666666666666
1986-07-31,15.85
1986-08-31,15.908333333333333
1986-09-30,15.966666666666667
1986-10-31,16.025
1986-11-30,16.083333333333332
1986-12-31,16.141666666666666
1987-01-31,16.2
1987-02-28,16.258333333333333
1987-03-31,16.316666666666666
1987-04-30,16.375
1987-05-31,16.433333333333334
1987-06-30,16.491666666666667
1987-07-31,16.549999999999997
1987-08-31,16.60833333333333
1987-09-30,16.666666666666664
1987-10-31,16.724999999999998
1987-11-30,16.78333333333333
1987-12-31,16.841666666666665
1988-01-31,16.9
1988-02-29,16.90833333333333
1988-03-31,16.916666666666664
1988-04-30,16.924999999999997
1988-05-31,16.933333333333334
1988-06-30,16.941666666666666
1988-07-31,16.95
1988-08-31,16.958333333333332
1988-09-30,16.966666666666665
1988-10-31,16.975
1988-11-30,16.983333333333334
1988-12-31,16.991666666666667
1989-01-31,17.0
1989-02-28,16.891666666666666
1989-03-31,16.78333333333333
1989-04-30,16.675
1989-05-31,16.566666666666666
1989-06-30,16.458333333333332
1989-07-31,16.35
1989-08-31,16.241666666666667
1989-09-30,16.133333333333333
1989-10-31,16.025
1989-11-30,15.916666666666666
1989-12-31,15.808333333333334
1990-01-31,15.7
1990-02-28,15.658333333333333
1990-03-31,15.616666666666665
1990-04-30,15.575
1990-05-31,15.533333333333333
1990-06-30,15.491666666666665
1990-07-31,15.45
1990-08-31,15.408333333333333
1990-09-30,15.366666666666665
1990-10-31,15.325
1990-11-30,15.283333333333333
1990-12-31,15.241666666666665
1991-01-31,15.2
1991-02-28,15.225
1991-03-31,15.25
1991-04-30,15.274999999999999
1991-05-31,15.299999999999999
1991-06-30,15.325
1991-07-31,15.35
1991-08-31,15.375
1991-09-30,15.4
1991-10-31,15.425
1991-11-30,15.45
1991-12-31,15.475
1992-01-31,15.5
1992-02-29,15.5
1992-03-31,15.5
1992-04-30,15.5
1992-05-31,15.5
1992-06-30,15.5
1992-07-31,15.5
1992-08-31,15.5
1992-09-30,15.5
1992-10-31,15.5
1992-11-30,15.5
1992-12-31,15.5
1993-01-31,15.5
1993-02-28,15.516666666666666
1993-03-31,15.533333333333333
1993-04-30,15.55
1993-05-31,15.566666666666666
1993-06-30,15.583333333333332
1993-07-31,15.6
1993-08-31,15.616666666666667
1993-09-30,15.633333333333333
1993-10-31,15.649999999999999
1993-11-30,15.666666666666666
1993-12-31,15.683333333333334
1994-01-31,15.7
1994-02-28,15.716666666666667
1994-03-31,15.733333333333333
1994-04-30,15.75
1994-05-31,15.766666666666666
1994-06-30,15.783333333333333
1994-07-31,15.8
1994-08-31,15.816666666666666
1994-09-30,15.833333333333334
1994-10-31,15.85
1994-11-30,15.866666666666667
1994-12-31,15.883333333333333
1995-01-31,15.9
1995-02-28,15.925
1995-03-31,15.95
1995-04-30,15.975
1995-05-31,16.0
1995-06-30,16.025
1995-07-31,16.05
1995-08-31,16.075
1995-09-30,16.1
1995-10-31,16.125
1995-11-30,16.15
1995-12-31,16.175
1996-01-31,16.2
1996-02-29,16.233333333333334
1996-03-31,16.266666666666666
1996-04-30,16.3
1996-05-31,16.333333333333332
1996-06-30,16.366666666666667
1996-07-31,16.4
1996-08-31,16.433333333333334
1996-09-30,16.46666666666667
1996-10-31,16.5
1996-11-30,16.533333333333335
1996-12-31,16.566666666666666
1997-01-31,16.6
1997-02-28,16.616666666666667
1997-03-31,16.633333333333333
1997-04-30,16.650000000000002
1997-05-31,16.666666666666668
1997-06-30,16.683333333333334
1997-07-31,16.700000000000003
1997-08-31,16.71666666666667
1997-09-30,16.733333333333334
1997-10-31,16.75
1997-11-30,16.766666666666666
1997-12-31,16.783333333333335
1998-01-31,16.8
1998-02-28,16.808333333333334
1998-03-31,16.816666666666666
1998-04-30,16.825
1998-05-31,16.833333333333332
1998-06-30,16.841666666666665
1998-07-31,16.85
1998-08-31,16.858333333333334
1998-09-30,16.866666666666667
1998-10-31,16.875
1998-11-30,16.883333333333333
1998-12-31,16.891666666666666
1999-01-31,16.9
1999-02-28,16.941666666666666
1999-03-31,16.98333333333333
1999-04-30,17.025
1999-05-31,17.066666666666666
1999-06-30,17.10833333333333
1999-07-31,17.15
1999-08-31,17.191666666666666
1999-09-30,17.23333333333333
1999-10-31,17.275
1999-11-30,17.316666666666666
1999-12-31,17.35833333333333
2000-01-31,17.4
2000-02-29,17.366666666666667
2000-03-31,17.333333333333332
2000-04-30,17.299999999999997
2000-05-31,17.266666666666666
2000-06-30,17.233333333333334
2000-07-31,17.2
2000-08-31,17.166666666666664
2000-09-30,17.133333333333333
2000-10-31,17.1
2000-11-30,17.066666666666666
2000-12-31,17.03333333333333
2001-01-31,17.0
2001-02-28,16.96666666666667
2001-03-31,16.933333333333334
2001-04-30,16.9
2001-05-31,16.866666666666667
2001-06-30,16.833333333333336
2001-07-31,16.8
2001-08-31,16.766666666666666
2001-09-30,16.733333333333334
2001-10-31,16.700000000000003
2001-11-30,16.666666666666668
2001-12-31,16.633333333333333
2002-01-31,16.6
2002-02-28,16.675
2002-03-31,16.75
2002-04-30,16.825000000000003
2002-05-31,16.900000000000002
2002-06-30,16.975
2002-07-31,17.05
2002-08-31,17.125
2002-09-30,17.2
2002-10-31,17.275
2002-11-30,17.35
2002-12-31,17.425
2003-01-31,17.5
2003-02-28,17.483333333333334
2003-03-31,17.46666666666667
2003-04-30,17.45
2003-05-31,17.433333333333334
2003-06-30,17.416666666666668
2003-07-31,17.4
2003-08-31,17.383333333333333
2003-09-30,17.366666666666667
2003-10-31,17.35
2003-11-30,17.333333333333336
2003-12-31,17.316666666666666
2004-01-31,17.3
2004-02-29,17.3
2004-03-31,17.3
2004-04-30,17.3
2004-05-31,17.3
2004-06-30,17.3
2004-07-31,17.3
2004-08-31,17.3
2004-09-30,17.3
2004-10-31,17.3
2004-11-30,17.3
2004-12-31,17.3
2005-01-31,17.3
2005-02-28,17.25
2005-03-31,17.2
2005-04-30,17.15
2005-05-31,17.1
2005-06-30,17.05
2005-07-31,17.0
2005-08-31,16.95
2005-09-30,16.9
2005-10-31,16.85
2005-11-30,16.8
2005-12-31,16.75
2006-01-31,16.7
2006-02-28,16.708333333333332
2006-03-31,16.716666666666665
2006-04-30,16.725
2006-05-31,16.733333333333334
2006-06-30,16.741666666666667
2006-07-31,16.75
2006-08-31,16.758333333333333
2006-09-30,16.766666666666666
2006-10-31,16.775
2006-11-30,16.783333333333335
2006-12-31,16.791666666666668
2007-01-31,16.8
2007-02-28,16.8
2007-03-31,16.8
2007-04-30,16.8
2007-05-31,16.8
2007-06-30,16.8
2007-07-31,16.8
2007-08-31,16.8
2007-09-30,16.8
2007-10-31,16.8
2007-11-30,16.8
2007-12-31,16.8
2008-01-31,16.8
2008-02-29,16.725
2008-03-31,16.650000000000002
2008-04-30,16.575
2008-05-31,16.5
2008-06-30,16.425
2008-07-31,16.35
2008-08-31,16.275000000000002
2008-09-30,16.2
2008-10-31,16.125
2008-11-30,16.05
2008-12-31,15.975
2009-01-31,15.9
2009-02-28,15.875
2009-03-31,15.85
2009-04-30,15.825
2009-05-31,15.8
2009-06-30,15.775
2009-07-31,15.75
2009-08-31,15.725
2009-09-30,15.7
2009-10-31,15.675
2009-11-30,15.65
2009-12-31,15.625
2010-01-31,15.6
2010-02-28,15.6
2010-03-31,15.6
2010-04-30,15.6
2010-05-31,15.6
2010-06-30,15.6
2010-07-31,15.6
2010-08-31,15.6
2010-09-30,15.6
2010-10-31,15.6
2010-11-30,15.6
2010-12-31,15.6
2011-01-31,15.6
2011-02-28,15.533333333333333
2011-03-31,15.466666666666667
2011-04-30,15.4
2011-05-31,15.333333333333334
2011-06-30,15.266666666666667
2011-07-31,15.2
2011-08-31,15.133333333333333
2011-09-30,15.066666666666666
2011-10-31,15.0
2011-11-30,14.933333333333334
2011-12-31,14.866666666666667
2012-01-31,14.8
2012-02-29,14.791666666666668
2012-03-31,14.783333333333333
2012-04-30,14.775
2012-05-31,14.766666666666667
2012-06-30,14.758333333333333
2012-07-31,14.75
2012-08-31,14.741666666666667
2012-09-30,14.733333333333333
2012-10-31,14.725
2012-11-30,14.716666666666667
2012-12-31,14.708333333333332
2013-01-31,14.7
2013-02-28,14.733333333333333
2013-03-31,14.766666666666666
2013-04-30,14.799999999999999
2013-05-31,14.833333333333332
2013-06-30,14.866666666666665
2013-07-31,14.899999999999999
2013-08-31,14.933333333333334
2013-09-30,14.966666666666667
2013-10-31,15.0
2013-11-30,15.033333333333333
2013-12-31,15.066666666666666
2014-01-31,15.1
