CO2,year,month,week,quarter,day_of_week
0.00568,1800,1,5,1,Friday
0.005674166666666667,1800,2,9,1,Friday
0.005668333333333333,1800,3,14,1,Monday
0.0056625,1800,4,18,2,Wednesday
0.005656666666666667,1800,5,22,2,Saturday
0.005650833333333333,1800,6,27,2,Monday
0.005645000000000001,1800,7,31,3,Thursday
0.005639166666666667,1800,8,35,3,Sunday
0.005633333333333334,1800,9,40,3,Tuesday
0.0056275000000000006,1800,10,44,4,Friday
0.005621666666666667,1800,11,48,4,Sunday
0.005615833333333334,1800,12,1,4,Wednesday
0.00561,1801,1,5,1,Saturday
0.005605000000000001,1801,2,9,1,Saturday
0.005600000000000001,1801,3,14,1,Tuesday
0.005595,1801,4,18,2,Thursday
0.00559,1801,5,22,2,Sunday
0.0055850000000000006,1801,6,27,2,Tuesday
0.00558,1801,7,31,3,Friday
0.005575,1801,8,36,3,Monday
0.00557,1801,9,40,3,Wednesday
0.0055650000000000005,1801,10,44,4,Saturday
0.005560000000000001,1801,11,49,4,Monday
0.005555,1801,12,53,4,Thursday
0.00555,1802,1,4,1,Sunday
0.005544166666666667,1802,2,8,1,Sunday
0.0055383333333333335,1802,3,13,1,Wednesday
0.0055325,1802,4,17,2,Friday
0.005526666666666667,1802,5,22,2,Monday
0.005520833333333333,1802,6,26,2,Wednesday
0.005515,1802,7,30,3,Saturday
0.0055091666666666666,1802,8,35,3,Tuesday
0.005503333333333333,1802,9,39,3,Thursday
0.0054975,1802,10,43,4,Sunday
0.005491666666666666,1802,11,48,4,Tuesday
0.005485833333333333,1802,12,52,4,Friday
0.00548,1803,1,5,1,Monday
0.005475,1803,2,9,1,Monday
0.00547,1803,3,13,1,Thursday
0.005464999999999999,1803,4,17,2,Saturday
0.00546,1803,5,22,2,Tuesday
0.005455,1803,6,26,2,Thursday
0.00545,1803,7,30,3,Sunday
0.005445,1803,8,35,3,Wednesday
0.00544,1803,9,39,3,Friday
0.005435000000000001,1803,10,44,4,Monday
0.00543,1803,11,48,4,Wednesday
0.005425,1803,12,52,4,Saturday
0.00542,1804,1,5,1,Tuesday
0.0054150000000000005,1804,2,9,1,Wednesday
0.00541,1804,3,13,1,Saturday
0.005405,1804,4,18,2,Monday
0.0054,1804,5,22,2,Thursday
0.0053950000000000005,1804,6,26,2,Saturday
0.005390000000000001,1804,7,31,3,Tuesday
0.005385,1804,8,35,3,Friday
0.00538,1804,9,39,3,Sunday
0.0053750000000000004,1804,10,44,4,Wednesday
0.00537,1804,11,48,4,Friday
0.005365,1804,12,1,4,Monday
0.00536,1805,1,5,1,Thursday
0.005354166666666667,1805,2,9,1,Thursday
0.005348333333333333,1805,3,13,1,Sunday
0.0053425,1805,4,18,2,Tuesday
0.005336666666666667,1805,5,22,2,Friday
0.005330833333333333,1805,6,26,2,Sunday
0.005325,1805,7,31,3,Wednesday
0.005319166666666667,1805,8,35,3,Saturday
0.005313333333333334,1805,9,40,3,Monday
0.005307500000000001,1805,10,44,4,Thursday
0.005301666666666667,1805,11,48,4,Saturday
0.005295833333333334,1805,12,1,4,Tuesday
0.00529,1806,1,5,1,Friday
0.005285000000000001,1806,2,9,1,Friday
0.00528,1806,3,14,1,Monday
0.005275,1806,4,18,2,Wednesday
0.00527,1806,5,22,2,Saturday
0.005265000000000001,1806,6,27,2,Monday
0.005260000000000001,1806,7,31,3,Thursday
0.005255,1806,8,35,3,Sunday
0.00525,1806,9,40,3,Tuesday
0.0052450000000000005,1806,10,44,4,Friday
0.00524,1806,11,48,4,Sunday
0.005235,1806,12,1,4,Wednesday
0.00523,1807,1,5,1,Saturday
0.0052250000000000005,1807,2,9,1,Saturday
0.005220000000000001,1807,3,14,1,Tuesday
0.005215,1807,4,18,2,Thursday
0.00521,1807,5,22,2,Sunday
0.005205,1807,6,27,2,Tuesday
0.0052,1807,7,31,3,Friday
0.005195,1807,8,36,3,Monday
0.00519,1807,9,40,3,Wednesday
0.005185,1807,10,44,4,Saturday
0.005180000000000001,1807,11,49,4,Monday
0.005175,1807,12,53,4,Thursday
0.00517,1808,1,4,1,Sunday
0.005165,1808,2,9,1,Monday
0.00516,1808,3,13,1,Thursday
0.005155,1808,4,17,2,Saturday
0.00515,1808,5,22,2,Tuesday
0.005145,1808,6,26,2,Thursday
0.0051400000000000005,1808,7,30,3,Sunday
0.005135,1808,8,35,3,Wednesday
0.00513,1808,9,39,3,Friday
0.005125,1808,10,44,4,Monday
0.0051199999999999996,1808,11,48,4,Wednesday
0.005115,1808,12,52,4,Saturday
0.00511,1809,1,5,1,Tuesday
0.005104166666666667,1809,2,9,1,Tuesday
0.005098333333333333,1809,3,13,1,Friday
0.0050925,1809,4,17,2,Sunday
0.005086666666666666,1809,5,22,2,Wednesday
0.005080833333333333,1809,6,26,2,Friday
0.005075,1809,7,31,3,Monday
0.005069166666666667,1809,8,35,3,Thursday
0.005063333333333334,1809,9,39,3,Saturday
0.0050575,1809,10,44,4,Tuesday
0.005051666666666667,1809,11,48,4,Thursday
0.005045833333333334,1809,12,52,4,Sunday
0.00504,1810,1,5,1,Wednesday
0.005034166666666667,1810,2,9,1,Wednesday
0.0050283333333333334,1810,3,13,1,Saturday
0.0050225,1810,4,18,2,Monday
0.005016666666666667,1810,5,22,2,Thursday
0.005010833333333333,1810,6,26,2,Saturday
0.005005,1810,7,31,3,Tuesday
0.0049991666666666665,1810,8,35,3,Friday
0.004993333333333333,1810,9,39,3,Sunday
0.0049875,1810,10,44,4,Wednesday
0.004981666666666666,1810,11,48,4,Friday
0.004975833333333333,1810,12,1,4,Monday
0.00497,1811,1,5,1,Thursday
0.004964166666666666,1811,2,9,1,Thursday
0.004958333333333333,1811,3,13,1,Sunday
0.0049524999999999994,1811,4,18,2,Tuesday
0.004946666666666666,1811,5,22,2,Friday
0.004940833333333333,1811,6,26,2,Sunday
0.004935,1811,7,31,3,Wednesday
0.004929166666666667,1811,8,35,3,Saturday
0.004923333333333333,1811,9,40,3,Monday
0.0049175,1811,10,44,4,Thursday
0.004911666666666667,1811,11,48,4,Saturday
0.004905833333333333,1811,12,1,4,Tuesday
0.0049,1812,1,5,1,Friday
0.0048941666666666665,1812,2,9,1,Saturday
0.004888333333333333,1812,3,14,1,Tuesday
0.0048825,1812,4,18,2,Thursday
0.004876666666666666,1812,5,22,2,Sunday
0.004870833333333333,1812,6,27,2,Tuesday
0.0048649999999999995,1812,7,31,3,Friday
0.004859166666666667,1812,8,36,3,Monday
0.004853333333333334,1812,9,40,3,Wednesday
0.0048475,1812,10,44,4,Saturday
0.004841666666666667,1812,11,49,4,Monday
0.0048358333333333335,1812,12,53,4,Thursday
0.00483,1813,1,4,1,Sunday
0.004823333333333333,1813,2,8,1,Sunday
0.004816666666666667,1813,3,13,1,Wednesday
0.00481,1813,4,17,2,Friday
0.004803333333333333,1813,5,22,2,Monday
0.004796666666666667,1813,6,26,2,Wednesday
0.00479,1813,7,30,3,Saturday
0.004783333333333333,1813,8,35,3,Tuesday
0.004776666666666667,1813,9,39,3,Thursday
0.00477,1813,10,43,4,Sunday
0.004763333333333333,1813,11,48,4,Tuesday
0.004756666666666667,1813,12,52,4,Friday
0.00475,1814,1,5,1,Monday
0.0047425,1814,2,9,1,Monday
0.004735,1814,3,13,1,Thursday
0.0047275,1814,4,17,2,Saturday
0.00472,1814,5,22,2,Tuesday
0.0047125,1814,6,26,2,Thursday
0.004705,1814,7,30,3,Sunday
0.0046975,1814,8,35,3,Wednesday
0.00469,1814,9,39,3,Friday
0.0046825,1814,10,44,4,Monday
0.004675,1814,11,48,4,Wednesday
0.0046675,1814,12,52,4,Saturday
0.00466,1815,1,5,1,Tuesday
0.0046525,1815,2,9,1,Tuesday
0.004645,1815,3,13,1,Friday
0.0046375,1815,4,17,2,Sunday
0.0046300000000000004,1815,5,22,2,Wednesday
0.0046225,1815,6,26,2,Friday
0.004615,1815,7,31,3,Monday
0.0046075000000000005,1815,8,35,3,Thursday
0.0046,1815,9,39,3,Saturday
0.0045925,1815,10,44,4,Tuesday
0.0045850000000000005,1815,11,48,4,Thursday
0.0045775,1815,12,52,4,Sunday
0.00457,1816,1,5,1,Wednesday
0.004561666666666667,1816,2,9,1,Thursday
0.004553333333333334,1816,3,13,1,Sunday
0.004545,1816,4,18,2,Tuesday
0.004536666666666667,1816,5,22,2,Friday
0.004528333333333334,1816,6,26,2,Sunday
0.00452,1816,7,31,3,Wednesday
0.004511666666666666,1816,8,35,3,Saturday
0.004503333333333333,1816,9,40,3,Monday
0.004495,1816,10,44,4,Thursday
0.004486666666666667,1816,11,48,4,Saturday
0.004478333333333333,1816,12,1,4,Tuesday
0.00447,1817,1,5,1,Friday
0.0044625,1817,2,9,1,Friday
0.004455,1817,3,14,1,Monday
0.0044475,1817,4,18,2,Wednesday
0.00444,1817,5,22,2,Saturday
0.0044325,1817,6,27,2,Monday
0.004425,1817,7,31,3,Thursday
0.0044175,1817,8,35,3,Sunday
0.00441,1817,9,40,3,Tuesday
0.0044025,1817,10,44,4,Friday
0.0043950000000000005,1817,11,48,4,Sunday
0.0043875,1817,12,1,4,Wednesday
0.00438,1818,1,5,1,Saturday
0.004370833333333333,1818,2,9,1,Saturday
0.0043616666666666665,1818,3,14,1,Tuesday
0.0043525000000000005,1818,4,18,2,Thursday
0.004343333333333334,1818,5,22,2,Sunday
0.004334166666666667,1818,6,27,2,Tuesday
0.004325000000000001,1818,7,31,3,Friday
0.004315833333333334,1818,8,36,3,Monday
0.004306666666666667,1818,9,40,3,Wednesday
0.0042975,1818,10,44,4,Saturday
0.004288333333333333,1818,11,49,4,Monday
0.004279166666666667,1818,12,53,4,Thursday
0.00427,1819,1,4,1,Sunday
0.004261666666666667,1819,2,8,1,Sunday
0.004253333333333334,1819,3,13,1,Wednesday
0.0042450000000000005,1819,4,17,2,Friday
0.004236666666666667,1819,5,22,2,Monday
0.004228333333333334,1819,6,26,2,Wednesday
0.00422,1819,7,30,3,Saturday
0.0042116666666666665,1819,8,35,3,Tuesday
0.004203333333333333,1819,9,39,3,Thursday
0.004195,1819,10,43,4,Sunday
0.004186666666666667,1819,11,48,4,Tuesday
0.004178333333333333,1819,12,52,4,Friday
0.00417,1820,1,5,1,Monday
0.004160833333333333,1820,2,9,1,Tuesday
0.004151666666666666,1820,3,13,1,Friday
0.0041425,1820,4,17,2,Sunday
0.0041333333333333335,1820,5,22,2,Wednesday
0.004124166666666667,1820,6,26,2,Friday
0.004115000000000001,1820,7,31,3,Monday
0.004105833333333334,1820,8,35,3,Thursday
0.004096666666666667,1820,9,39,3,Saturday
0.0040875,1820,10,44,4,Tuesday
0.004078333333333333,1820,11,48,4,Thursday
0.004069166666666667,1820,12,52,4,Sunday
0.00406,1821,1,5,1,Wednesday
0.004050833333333333,1821,2,9,1,Wednesday
0.004041666666666667,1821,3,13,1,Saturday
0.0040325000000000005,1821,4,18,2,Monday
0.004023333333333334,1821,5,22,2,Thursday
0.004014166666666667,1821,6,26,2,Saturday
0.004005,1821,7,31,3,Tuesday
0.003995833333333334,1821,8,35,3,Friday
0.003986666666666667,1821,9,39,3,Sunday
0.0039775,1821,10,44,4,Wednesday
0.003968333333333334,1821,11,48,4,Friday
0.003959166666666667,1821,12,1,4,Monday
0.00395,1822,1,5,1,Thursday
0.0039408333333333335,1822,2,9,1,Thursday
0.003931666666666667,1822,3,13,1,Sunday
0.003922500000000001,1822,4,18,2,Tuesday
0.003913333333333334,1822,5,22,2,Friday
0.003904166666666667,1822,6,26,2,Sunday
0.003895,1822,7,31,3,Wednesday
0.0038858333333333336,1822,8,35,3,Saturday
0.0038766666666666667,1822,9,40,3,Monday
0.0038675000000000003,1822,10,44,4,Thursday
0.0038583333333333334,1822,11,48,4,Saturday
0.003849166666666667,1822,12,1,4,Tuesday
0.00384,1823,1,5,1,Friday
0.0038308333333333332,1823,2,9,1,Friday
0.003821666666666667,1823,3,14,1,Monday
0.0038125,1823,4,18,2,Wednesday
0.0038033333333333335,1823,5,22,2,Saturday
0.0037941666666666666,1823,6,27,2,Monday
0.003785,1823,7,31,3,Thursday
0.0037758333333333333,1823,8,35,3,Sunday
0.0037666666666666664,1823,9,40,3,Tuesday
0.0037575,1823,10,44,4,Friday
0.003748333333333333,1823,11,48,4,Sunday
0.0037391666666666667,1823,12,1,4,Wednesday
0.00373,1824,1,5,1,Saturday
0.003720833333333333,1824,2,9,1,Sunday
0.0037116666666666665,1824,3,14,1,Wednesday
0.0037025,1824,4,18,2,Friday
0.003693333333333333,1824,5,23,2,Monday
0.0036841666666666663,1824,6,27,2,Wednesday
0.003675,1824,7,31,3,Saturday
0.0036658333333333334,1824,8,36,3,Tuesday
0.0036566666666666666,1824,9,40,3,Thursday
0.0036474999999999997,1824,10,44,4,Sunday
0.0036383333333333333,1824,11,49,4,Tuesday
0.003629166666666667,1824,12,53,4,Friday
0.00362,1825,1,5,1,Monday
0.00361,1825,2,9,1,Monday
0.0036,1825,3,13,1,Thursday
0.00359,1825,4,17,2,Saturday
0.00358,1825,5,22,2,Tuesday
0.00357,1825,6,26,2,Thursday
0.00356,1825,7,30,3,Sunday
0.00355,1825,8,35,3,Wednesday
0.00354,1825,9,39,3,Friday
0.00353,1825,10,44,4,Monday
0.00352,1825,11,48,4,Wednesday
0.00351,1825,12,52,4,Saturday
0.0035,1826,1,5,1,Tuesday
0.003490833333333333,1826,2,9,1,Tuesday
0.0034816666666666668,1826,3,13,1,Friday
0.0034725,1826,4,17,2,Sunday
0.0034633333333333335,1826,5,22,2,Wednesday
0.0034541666666666666,1826,6,26,2,Friday
0.003445,1826,7,31,3,Monday
0.0034358333333333333,1826,8,35,3,Thursday
0.0034266666666666664,1826,9,39,3,Saturday
0.0034175,1826,10,44,4,Tuesday
0.003408333333333333,1826,11,48,4,Thursday
0.0033991666666666667,1826,12,52,4,Sunday
0.00339,1827,1,5,1,Wednesday
0.0033799999999999998,1827,2,9,1,Wednesday
0.0033699999999999997,1827,3,13,1,Saturday
0.0033599999999999997,1827,4,18,2,Monday
0.0033499999999999997,1827,5,22,2,Thursday
0.0033399999999999997,1827,6,26,2,Saturday
0.0033299999999999996,1827,7,31,3,Tuesday
0.00332,1827,8,35,3,Friday
0.00331,1827,9,39,3,Sunday
0.0033,1827,10,44,4,Wednesday
0.00329,1827,11,48,4,Friday
0.00328,1827,12,1,4,Monday
0.00327,1828,1,5,1,Thursday
0.0032608333333333335,1828,2,9,1,Friday
0.0032516666666666666,1828,3,14,1,Monday
0.0032424999999999997,1828,4,18,2,Wednesday
0.0032333333333333333,1828,5,22,2,Saturday
0.003224166666666667,1828,6,27,2,Monday
0.003215,1828,7,31,3,Thursday
0.003205833333333333,1828,8,35,3,Sunday
0.0031966666666666667,1828,9,40,3,Tuesday
0.0031875000000000002,1828,10,44,4,Friday
0.0031783333333333334,1828,11,48,4,Sunday
0.0031691666666666665,1828,12,1,4,Wednesday
0.00316,1829,1,5,1,Saturday
0.0031508333333333336,1829,2,9,1,Saturday
0.0031416666666666667,1829,3,14,1,Tuesday
0.0031325,1829,4,18,2,Thursday
0.0031233333333333334,1829,5,22,2,Sunday
0.003114166666666667,1829,6,27,2,Tuesday
0.003105,1829,7,31,3,Friday
0.0030958333333333332,1829,8,36,3,Monday
0.003086666666666667,1829,9,40,3,Wednesday
0.0030775000000000004,1829,10,44,4,Saturday
0.0030683333333333335,1829,11,49,4,Monday
0.0030591666666666666,1829,12,53,4,Thursday
0.00305,1830,1,4,1,Sunday
0.0030408333333333333,1830,2,8,1,Sunday
0.003031666666666667,1830,3,13,1,Wednesday
0.0030225,1830,4,17,2,Friday
0.0030133333333333336,1830,5,22,2,Monday
0.0030041666666666667,1830,6,26,2,Wednesday
0.0029950000000000003,1830,7,30,3,Saturday
0.0029858333333333334,1830,8,35,3,Tuesday
0.0029766666666666665,1830,9,39,3,Thursday
0.0029675,1830,10,43,4,Sunday
0.002958333333333333,1830,11,48,4,Tuesday
0.0029491666666666668,1830,12,52,4,Friday
0.00294,1831,1,5,1,Monday
0.002930833333333333,1831,2,9,1,Monday
0.0029216666666666666,1831,3,13,1,Thursday
0.0029125,1831,4,17,2,Saturday
0.0029033333333333333,1831,5,22,2,Tuesday
0.0028941666666666664,1831,6,26,2,Thursday
0.002885,1831,7,30,3,Sunday
0.0028758333333333335,1831,8,35,3,Wednesday
0.0028666666666666667,1831,9,39,3,Friday
0.0028575,1831,10,44,4,Monday
0.0028483333333333334,1831,11,48,4,Wednesday
0.002839166666666667,1831,12,52,4,Saturday
0.00283,1832,1,5,1,Tuesday
0.0028216666666666668,1832,2,9,1,Wednesday
0.0028133333333333335,1832,3,13,1,Saturday
0.002805,1832,4,18,2,Monday
0.0027966666666666665,1832,5,22,2,Thursday
0.002788333333333333,1832,6,26,2,Saturday
0.00278,1832,7,31,3,Tuesday
0.0027716666666666666,1832,8,35,3,Friday
0.0027633333333333334,1832,9,39,3,Sunday
0.0027549999999999996,1832,10,44,4,Wednesday
0.0027466666666666664,1832,11,48,4,Friday
0.002738333333333333,1832,12,1,4,Monday
0.00273,1833,1,5,1,Thursday
0.0027216666666666665,1833,2,9,1,Thursday
0.0027133333333333332,1833,3,13,1,Sunday
0.002705,1833,4,18,2,Tuesday
0.0026966666666666667,1833,5,22,2,Friday
0.0026883333333333334,1833,6,26,2,Sunday
0.00268,1833,7,31,3,Wednesday
0.0026716666666666664,1833,8,35,3,Saturday
0.002663333333333333,1833,9,40,3,Monday
0.002655,1833,10,44,4,Thursday
0.0026466666666666665,1833,11,48,4,Saturday
0.0026383333333333332,1833,12,1,4,Tuesday
0.00263,1834,1,5,1,Friday
0.0026216666666666667,1834,2,9,1,Friday
0.0026133333333333334,1834,3,14,1,Monday
0.002605,1834,4,18,2,Wednesday
0.002596666666666667,1834,5,22,2,Saturday
0.0025883333333333335,1834,6,27,2,Monday
0.00258,1834,7,31,3,Thursday
0.0025716666666666665,1834,8,35,3,Sunday
0.0025633333333333333,1834,9,40,3,Tuesday
0.002555,1834,10,44,4,Friday
0.0025466666666666667,1834,11,48,4,Sunday
0.0025383333333333334,1834,12,1,4,Wednesday
0.00253,1835,1,5,1,Saturday
0.0025225,1835,2,9,1,Saturday
0.002515,1835,3,14,1,Tuesday
0.0025075,1835,4,18,2,Thursday
0.0025,1835,5,22,2,Sunday
0.0024925,1835,6,27,2,Tuesday
0.0024850000000000002,1835,7,31,3,Friday
0.0024775,1835,8,36,3,Monday
0.00247,1835,9,40,3,Wednesday
0.0024625,1835,10,44,4,Saturday
0.0024549999999999997,1835,11,49,4,Monday
0.0024475,1835,12,53,4,Thursday
0.00244,1836,1,4,1,Sunday
0.0024324999999999998,1836,2,9,1,Monday
0.002425,1836,3,13,1,Thursday
0.0024175,1836,4,17,2,Saturday
0.00241,1836,5,22,2,Tuesday
0.0024025,1836,6,26,2,Thursday
0.002395,1836,7,30,3,Sunday
0.0023875,1836,8,35,3,Wednesday
0.00238,1836,9,39,3,Friday
0.0023725,1836,10,44,4,Monday
0.002365,1836,11,48,4,Wednesday
0.0023575000000000002,1836,12,52,4,Saturday
0.00235,1837,1,5,1,Tuesday
0.0023433333333333336,1837,2,9,1,Tuesday
0.0023366666666666666,1837,3,13,1,Friday
0.00233,1837,4,17,2,Sunday
0.0023233333333333335,1837,5,22,2,Wednesday
0.0023166666666666665,1837,6,26,2,Friday
0.00231,1837,7,31,3,Monday
0.0023033333333333334,1837,8,35,3,Thursday
0.0022966666666666665,1837,9,39,3,Saturday
0.00229,1837,10,44,4,Tuesday
0.0022833333333333334,1837,11,48,4,Thursday
0.0022766666666666664,1837,12,52,4,Sunday
0.00227,1838,1,5,1,Wednesday
0.0022624999999999998,1838,2,9,1,Wednesday
0.002255,1838,3,13,1,Saturday
0.0022475,1838,4,18,2,Monday
0.00224,1838,5,22,2,Thursday
0.0022325,1838,6,26,2,Saturday
0.002225,1838,7,31,3,Tuesday
0.0022175,1838,8,35,3,Friday
0.00221,1838,9,39,3,Sunday
0.0022025,1838,10,44,4,Wednesday
0.002195,1838,11,48,4,Friday
0.0021875,1838,12,1,4,Monday
0.00218,1839,1,5,1,Thursday
0.0021733333333333335,1839,2,9,1,Thursday
0.0021666666666666666,1839,3,13,1,Sunday
0.00216,1839,4,18,2,Tuesday
0.0021533333333333335,1839,5,22,2,Friday
0.0021466666666666665,1839,6,26,2,Sunday
0.00214,1839,7,31,3,Wednesday
0.0021333333333333334,1839,8,35,3,Saturday
0.0021266666666666665,1839,9,40,3,Monday
0.00212,1839,10,44,4,Thursday
0.0021133333333333334,1839,11,48,4,Saturday
0.0021066666666666664,1839,12,1,4,Tuesday
0.0021,1840,1,5,1,Friday
0.0020933333333333333,1840,2,9,1,Saturday
0.0020866666666666664,1840,3,14,1,Tuesday
0.00208,1840,4,18,2,Thursday
0.0020733333333333333,1840,5,22,2,Sunday
0.0020666666666666667,1840,6,27,2,Tuesday
0.00206,1840,7,31,3,Friday
0.0020533333333333332,1840,8,36,3,Monday
0.0020466666666666667,1840,9,40,3,Wednesday
0.00204,1840,10,44,4,Saturday
0.002033333333333333,1840,11,49,4,Monday
0.0020266666666666666,1840,12,53,4,Thursday
0.00202,1841,1,4,1,Sunday
0.0020141666666666667,1841,2,8,1,Sunday
0.0020083333333333333,1841,3,13,1,Wednesday
0.0020025,1841,4,17,2,Friday
0.0019966666666666666,1841,5,22,2,Monday
0.001990833333333333,1841,6,26,2,Wednesday
0.001985,1841,7,30,3,Saturday
0.001979166666666667,1841,8,35,3,Tuesday
0.0019733333333333334,1841,9,39,3,Thursday
0.0019675,1841,10,43,4,Sunday
0.0019616666666666667,1841,11,48,4,Tuesday
0.0019558333333333333,1841,12,52,4,Friday
0.00195,1842,1,5,1,Monday
0.0019441666666666665,1842,2,9,1,Monday
0.0019383333333333331,1842,3,13,1,Thursday
0.0019325,1842,4,17,2,Saturday
0.0019266666666666666,1842,5,22,2,Tuesday
0.0019208333333333332,1842,6,26,2,Thursday
0.001915,1842,7,30,3,Sunday
0.0019091666666666667,1842,8,35,3,Wednesday
0.0019033333333333333,1842,9,39,3,Friday
0.0018974999999999999,1842,10,44,4,Monday
0.0018916666666666665,1842,11,48,4,Wednesday
0.0018858333333333333,1842,12,52,4,Saturday
0.00188,1843,1,5,1,Tuesday
0.0018741666666666666,1843,2,9,1,Tuesday
0.0018683333333333334,1843,3,13,1,Friday
0.0018625,1843,4,17,2,Sunday
0.0018566666666666666,1843,5,22,2,Wednesday
0.0018508333333333332,1843,6,26,2,Friday
0.0018449999999999999,1843,7,31,3,Monday
0.0018391666666666667,1843,8,35,3,Thursday
0.0018333333333333333,1843,9,39,3,Saturday
0.0018275,1843,10,44,4,Tuesday
0.0018216666666666667,1843,11,48,4,Thursday
0.0018158333333333334,1843,12,52,4,Sunday
0.00181,1844,1,5,1,Wednesday
0.001805,1844,2,9,1,Thursday
0.0018,1844,3,13,1,Sunday
0.001795,1844,4,18,2,Tuesday
0.00179,1844,5,22,2,Friday
0.001785,1844,6,26,2,Sunday
0.00178,1844,7,31,3,Wednesday
0.001775,1844,8,35,3,Saturday
0.00177,1844,9,40,3,Monday
0.001765,1844,10,44,4,Thursday
0.00176,1844,11,48,4,Saturday
0.001755,1844,12,1,4,Tuesday
0.00175,1845,1,5,1,Friday
0.0025875,1845,2,9,1,Friday
0.003425,1845,3,14,1,Monday
0.0042625,1845,4,18,2,Wednesday
0.0051,1845,5,22,2,Saturday
0.0059375,1845,6,27,2,Monday
0.006775,1845,7,31,3,Thursday
0.0076125,1845,8,35,3,Sunday
0.008450000000000001,1845,9,40,3,Tuesday
0.0092875,1845,10,44,4,Friday
0.010125,1845,11,48,4,Sunday
0.0109625,1845,12,1,4,Wednesday
0.0118,1846,1,5,1,Saturday
0.012041666666666666,1846,2,9,1,Saturday
0.012283333333333334,1846,3,14,1,Tuesday
0.012525,1846,4,18,2,Thursday
0.012766666666666666,1846,5,22,2,Sunday
0.013008333333333334,1846,6,27,2,Tuesday
0.01325,1846,7,31,3,Friday
0.013491666666666666,1846,8,36,3,Monday
0.013733333333333334,1846,9,40,3,Wednesday
0.013975,1846,10,44,4,Saturday
0.014216666666666666,1846,11,49,4,Monday
0.014458333333333333,1846,12,53,4,Thursday
0.0147,1847,1,4,1,Sunday
0.014924999999999999,1847,2,8,1,Sunday
0.01515,1847,3,13,1,Wednesday
0.015375,1847,4,17,2,Friday
0.0156,1847,5,22,2,Monday
0.015825,1847,6,26,2,Wednesday
0.01605,1847,7,30,3,Saturday
0.016274999999999998,1847,8,35,3,Tuesday
0.0165,1847,9,39,3,Thursday
0.016725,1847,10,43,4,Sunday
0.01695,1847,11,48,4,Tuesday
0.017175,1847,12,52,4,Friday
0.0174,1848,1,5,1,Monday
0.017599999999999998,1848,2,9,1,Tuesday
0.0178,1848,3,13,1,Friday
0.018,1848,4,17,2,Sunday
0.0182,1848,5,22,2,Wednesday
0.0184,1848,6,26,2,Friday
0.0186,1848,7,31,3,Monday
0.0188,1848,8,35,3,Thursday
0.019,1848,9,39,3,Saturday
0.019200000000000002,1848,10,44,4,Tuesday
0.0194,1848,11,48,4,Thursday
0.0196,1848,12,52,4,Sunday
0.0198,1849,1,5,1,Wednesday
0.020116666666666668,1849,2,9,1,Wednesday
0.020433333333333335,1849,3,13,1,Saturday
0.02075,1849,4,18,2,Monday
0.021066666666666668,1849,5,22,2,Thursday
0.021383333333333334,1849,6,26,2,Saturday
0.0217,1849,7,31,3,Tuesday
0.022016666666666667,1849,8,35,3,Friday
0.022333333333333334,1849,9,39,3,Sunday
0.02265,1849,10,44,4,Wednesday
0.022966666666666666,1849,11,48,4,Friday
0.023283333333333333,1849,12,1,4,Monday
0.0236,1850,1,5,1,Thursday
0.023891666666666665,1850,2,9,1,Thursday
0.024183333333333334,1850,3,13,1,Sunday
0.024475,1850,4,18,2,Tuesday
0.024766666666666666,1850,5,22,2,Friday
0.025058333333333332,1850,6,26,2,Sunday
0.025349999999999998,1850,7,31,3,Wednesday
0.025641666666666667,1850,8,35,3,Saturday
0.025933333333333333,1850,9,40,3,Monday
0.026225,1850,10,44,4,Thursday
0.026516666666666668,1850,11,48,4,Saturday
0.026808333333333333,1850,12,1,4,Tuesday
0.0271,1851,1,5,1,Friday
0.027491666666666664,1851,2,9,1,Friday
0.027883333333333333,1851,3,14,1,Monday
0.028275,1851,4,18,2,Wednesday
0.028666666666666667,1851,5,22,2,Saturday
0.029058333333333332,1851,6,27,2,Monday
0.02945,1851,7,31,3,Thursday
0.02984166666666667,1851,8,35,3,Sunday
0.030233333333333334,1851,9,40,3,Tuesday
0.030625,1851,10,44,4,Friday
0.031016666666666668,1851,11,48,4,Sunday
0.03140833333333334,1851,12,1,4,Wednesday
0.0318,1852,1,5,1,Saturday
0.03228333333333334,1852,2,9,1,Sunday
0.032766666666666666,1852,3,14,1,Wednesday
0.03325,1852,4,18,2,Friday
0.03373333333333334,1852,5,23,2,Monday
0.034216666666666666,1852,6,27,2,Wednesday
0.0347,1852,7,31,3,Saturday
0.03518333333333334,1852,8,36,3,Tuesday
0.035666666666666666,1852,9,40,3,Thursday
0.03615,1852,10,44,4,Sunday
0.03663333333333334,1852,11,49,4,Tuesday
0.037116666666666666,1852,12,53,4,Friday
0.0376,1853,1,5,1,Monday
0.038175,1853,2,9,1,Monday
0.03875,1853,3,13,1,Thursday
0.039325,1853,4,17,2,Saturday
0.0399,1853,5,22,2,Tuesday
0.040475,1853,6,26,2,Thursday
0.04105,1853,7,30,3,Sunday
0.041624999999999995,1853,8,35,3,Wednesday
0.0422,1853,9,39,3,Friday
0.042775,1853,10,44,4,Monday
0.04335,1853,11,48,4,Wednesday
0.043925,1853,12,52,4,Saturday
0.0445,1854,1,5,1,Tuesday
0.04514166666666666,1854,2,9,1,Tuesday
0.04578333333333333,1854,3,13,1,Friday
0.046425,1854,4,17,2,Sunday
0.047066666666666666,1854,5,22,2,Wednesday
0.04770833333333333,1854,6,26,2,Friday
0.048350000000000004,1854,7,31,3,Monday
0.04899166666666667,1854,8,35,3,Thursday
0.049633333333333335,1854,9,39,3,Saturday
0.050275,1854,10,44,4,Tuesday
0.050916666666666666,1854,11,48,4,Thursday
0.05155833333333334,1854,12,52,4,Sunday
0.0522,1855,1,5,1,Wednesday
0.05291666666666667,1855,2,9,1,Wednesday
0.05363333333333334,1855,3,13,1,Saturday
0.05435,1855,4,18,2,Monday
0.05506666666666667,1855,5,22,2,Thursday
0.05578333333333334,1855,6,26,2,Saturday
0.0565,1855,7,31,3,Tuesday
0.057216666666666666,1855,8,35,3,Friday
0.05793333333333334,1855,9,39,3,Sunday
0.05865,1855,10,44,4,Wednesday
0.059366666666666665,1855,11,48,4,Friday
0.060083333333333336,1855,12,1,4,Monday
0.0608,1856,1,5,1,Thursday
0.061691666666666665,1856,2,9,1,Friday
0.06258333333333334,1856,3,14,1,Monday
0.063475,1856,4,18,2,Wednesday
0.06436666666666667,1856,5,22,2,Saturday
0.06525833333333333,1856,6,27,2,Monday
0.06615,1856,7,31,3,Thursday
0.06704166666666667,1856,8,35,3,Sunday
0.06793333333333333,1856,9,40,3,Tuesday
0.068825,1856,10,44,4,Friday
0.06971666666666666,1856,11,48,4,Sunday
0.07060833333333333,1856,12,1,4,Wednesday
0.0715,1857,1,5,1,Saturday
0.07264999999999999,1857,2,9,1,Saturday
0.07379999999999999,1857,3,14,1,Tuesday
0.07494999999999999,1857,4,18,2,Thursday
0.0761,1857,5,22,2,Sunday
0.07725,1857,6,27,2,Tuesday
0.0784,1857,7,31,3,Friday
0.07955,1857,8,36,3,Monday
0.0807,1857,9,40,3,Wednesday
0.08185,1857,10,44,4,Saturday
0.083,1857,11,49,4,Monday
0.08415,1857,12,53,4,Thursday
0.0853,1858,1,4,1,Sunday
0.08649166666666666,1858,2,8,1,Sunday
0.08768333333333334,1858,3,13,1,Wednesday
0.088875,1858,4,17,2,Friday
0.09006666666666667,1858,5,22,2,Monday
0.09125833333333333,1858,6,26,2,Wednesday
0.09245,1858,7,30,3,Saturday
0.09364166666666666,1858,8,35,3,Tuesday
0.09483333333333333,1858,9,39,3,Thursday
0.096025,1858,10,43,4,Sunday
0.09721666666666666,1858,11,48,4,Tuesday
0.09840833333333333,1858,12,52,4,Friday
0.0996,1859,1,5,1,Monday
0.10113333333333333,1859,2,9,1,Monday
0.10266666666666666,1859,3,13,1,Thursday
0.10419999999999999,1859,4,17,2,Saturday
0.10573333333333333,1859,5,22,2,Tuesday
0.10726666666666666,1859,6,26,2,Thursday
0.1088,1859,7,30,3,Sunday
0.11033333333333332,1859,8,35,3,Wednesday
0.11186666666666666,1859,9,39,3,Friday
0.1134,1859,10,44,4,Monday
0.11493333333333333,1859,11,48,4,Wednesday
0.11646666666666666,1859,12,52,4,Saturday
0.118,1860,1,5,1,Tuesday
0.11975,1860,2,9,1,Wednesday
0.1215,1860,3,13,1,Saturday
0.12325,1860,4,18,2,Monday
0.125,1860,5,22,2,Thursday
0.12675,1860,6,26,2,Saturday
0.1285,1860,7,31,3,Tuesday
0.13025,1860,8,35,3,Friday
0.132,1860,9,39,3,Sunday
0.13375,1860,10,44,4,Wednesday
0.1355,1860,11,48,4,Friday
0.13725,1860,12,1,4,Monday
0.139,1861,1,5,1,Thursday
0.14133333333333334,1861,2,9,1,Thursday
0.14366666666666666,1861,3,13,1,Sunday
0.14600000000000002,1861,4,18,2,Tuesday
0.14833333333333334,1861,5,22,2,Friday
0.15066666666666667,1861,6,26,2,Sunday
0.15300000000000002,1861,7,31,3,Wednesday
0.15533333333333335,1861,8,35,3,Saturday
0.15766666666666668,1861,9,40,3,Monday
0.16,1861,10,44,4,Thursday
0.16233333333333333,1861,11,48,4,Saturday
0.16466666666666668,1861,12,1,4,Tuesday
0.167,1862,1,5,1,Friday
0.17025,1862,2,9,1,Friday
0.17350000000000002,1862,3,14,1,Monday
0.17675000000000002,1862,4,18,2,Wednesday
0.18,1862,5,22,2,Saturday
0.18325,1862,6,27,2,Monday
0.1865,1862,7,31,3,Thursday
0.18975,1862,8,35,3,Sunday
0.193,1862,9,40,3,Tuesday
0.19624999999999998,1862,10,44,4,Friday
0.19949999999999998,1862,11,48,4,Sunday
0.20274999999999999,1862,12,1,4,Wednesday
0.206,1863,1,5,1,Saturday
0.209,1863,2,9,1,Saturday
0.212,1863,3,14,1,Tuesday
0.215,1863,4,18,2,Thursday
0.218,1863,5,22,2,Sunday
0.221,1863,6,27,2,Tuesday
0.22399999999999998,1863,7,31,3,Friday
0.22699999999999998,1863,8,36,3,Monday
0.22999999999999998,1863,9,40,3,Wednesday
0.23299999999999998,1863,10,44,4,Saturday
0.236,1863,11,49,4,Monday
0.239,1863,12,53,4,Thursday
0.242,1864,1,4,1,Sunday
0.24583333333333332,1864,2,9,1,Monday
0.24966666666666665,1864,3,13,1,Thursday
0.2535,1864,4,17,2,Saturday
0.2573333333333333,1864,5,22,2,Tuesday
0.26116666666666666,1864,6,26,2,Thursday
0.265,1864,7,30,3,Sunday
0.2688333333333333,1864,8,35,3,Wednesday
0.27266666666666667,1864,9,39,3,Friday
0.27649999999999997,1864,10,44,4,Monday
0.2803333333333333,1864,11,48,4,Wednesday
0.2841666666666667,1864,12,52,4,Saturday
0.288,1865,1,5,1,Tuesday
0.29283333333333333,1865,2,9,1,Tuesday
0.29766666666666663,1865,3,13,1,Friday
0.3025,1865,4,17,2,Sunday
0.3073333333333333,1865,5,22,2,Wednesday
0.31216666666666665,1865,6,26,2,Friday
0.31699999999999995,1865,7,31,3,Monday
0.3218333333333333,1865,8,35,3,Thursday
0.32666666666666666,1865,9,39,3,Saturday
0.33149999999999996,1865,10,44,4,Tuesday
0.3363333333333333,1865,11,48,4,Thursday
0.3411666666666666,1865,12,52,4,Sunday
0.346,1866,1,5,1,Wednesday
0.3535,1866,2,9,1,Wednesday
0.361,1866,3,13,1,Saturday
0.3685,1866,4,18,2,Monday
0.376,1866,5,22,2,Thursday
0.3835,1866,6,26,2,Saturday
0.391,1866,7,31,3,Tuesday
0.39849999999999997,1866,8,35,3,Friday
0.40599999999999997,1866,9,39,3,Sunday
0.4135,1866,10,44,4,Wednesday
0.421,1866,11,48,4,Friday
0.4285,1866,12,1,4,Monday
0.436,1867,1,5,1,Thursday
0.42091666666666666,1867,2,9,1,Thursday
0.4058333333333333,1867,3,13,1,Sunday
0.39075,1867,4,18,2,Tuesday
0.37566666666666665,1867,5,22,2,Friday
0.36058333333333337,1867,6,26,2,Sunday
0.34550000000000003,1867,7,31,3,Wednesday
0.3304166666666667,1867,8,35,3,Saturday
0.31533333333333335,1867,9,40,3,Monday
0.30025,1867,10,44,4,Thursday
0.2851666666666667,1867,11,48,4,Saturday
0.27008333333333334,1867,12,1,4,Tuesday
0.255,1868,1,5,1,Friday
0.24891666666666667,1868,2,9,1,Saturday
0.24283333333333335,1868,3,14,1,Tuesday
0.23675000000000002,1868,4,18,2,Thursday
0.23066666666666666,1868,5,22,2,Sunday
0.22458333333333333,1868,6,27,2,Tuesday
0.2185,1868,7,31,3,Friday
0.21241666666666667,1868,8,36,3,Monday
0.20633333333333334,1868,9,40,3,Wednesday
0.20024999999999998,1868,10,44,4,Saturday
0.19416666666666665,1868,11,49,4,Monday
0.18808333333333332,1868,12,53,4,Thursday
0.182,1869,1,4,1,Sunday
0.19358333333333333,1869,2,8,1,Sunday
0.20516666666666666,1869,3,13,1,Wednesday
0.21675,1869,4,17,2,Friday
0.22833333333333333,1869,5,22,2,Monday
0.23991666666666667,1869,6,26,2,Wednesday
0.2515,1869,7,30,3,Saturday
0.26308333333333334,1869,8,35,3,Tuesday
0.27466666666666667,1869,9,39,3,Thursday
0.28625,1869,10,43,4,Sunday
0.29783333333333334,1869,11,48,4,Tuesday
0.3094166666666667,1869,12,52,4,Friday
0.321,1870,1,5,1,Monday
0.33266666666666667,1870,2,9,1,Monday
0.3443333333333333,1870,3,13,1,Thursday
0.356,1870,4,17,2,Saturday
0.3676666666666667,1870,5,22,2,Tuesday
0.37933333333333336,1870,6,26,2,Thursday
0.391,1870,7,30,3,Sunday
0.4026666666666667,1870,8,35,3,Wednesday
0.41433333333333333,1870,9,39,3,Friday
0.42600000000000005,1870,10,44,4,Monday
0.43766666666666665,1870,11,48,4,Wednesday
0.44933333333333336,1870,12,52,4,Saturday
0.461,1871,1,5,1,Tuesday
0.4618333333333334,1871,2,9,1,Tuesday
0.46266666666666667,1871,3,13,1,Friday
0.4635,1871,4,17,2,Sunday
0.4643333333333333,1871,5,22,2,Wednesday
0.4651666666666667,1871,6,26,2,Friday
0.46599999999999997,1871,7,31,3,Monday
0.4668333333333333,1871,8,35,3,Thursday
0.4676666666666667,1871,9,39,3,Saturday
0.46849999999999997,1871,10,44,4,Tuesday
0.4693333333333333,1871,11,48,4,Thursday
0.4701666666666666,1871,12,52,4,Sunday
0.471,1872,1,5,1,Wednesday
0.4655833333333333,1872,2,9,1,Thursday
0.46016666666666667,1872,3,13,1,Sunday
0.45475,1872,4,18,2,Tuesday
0.4493333333333333,1872,5,22,2,Friday
0.4439166666666667,1872,6,26,2,Sunday
0.4385,1872,7,31,3,Wednesday
0.4330833333333333,1872,8,35,3,Saturday
0.4276666666666667,1872,9,40,3,Monday
0.42225,1872,10,44,4,Thursday
0.41683333333333333,1872,11,48,4,Saturday
0.4114166666666667,1872,12,1,4,Tuesday
0.406,1873,1,5,1,Friday
0.4058333333333334,1873,2,9,1,Friday
0.4056666666666667,1873,3,14,1,Monday
0.4055,1873,4,18,2,Wednesday
0.4053333333333334,1873,5,22,2,Saturday
0.4051666666666667,1873,6,27,2,Monday
0.405,1873,7,31,3,Thursday
0.4048333333333334,1873,8,35,3,Sunday
0.4046666666666667,1873,9,40,3,Tuesday
0.4045,1873,10,44,4,Friday
0.4043333333333334,1873,11,48,4,Sunday
0.4041666666666667,1873,12,1,4,Wednesday
0.404,1874,1,5,1,Saturday
0.40875,1874,2,9,1,Saturday
0.41350000000000003,1874,3,14,1,Tuesday
0.41825,1874,4,18,2,Thursday
0.42300000000000004,1874,5,22,2,Sunday
0.42775,1874,6,27,2,Tuesday
0.4325,1874,7,31,3,Friday
0.43725,1874,8,36,3,Monday
0.442,1874,9,40,3,Wednesday
0.44675000000000004,1874,10,44,4,Saturday
0.4515,1874,11,49,4,Monday
0.45625000000000004,1874,12,53,4,Thursday
0.461,1875,1,4,1,Sunday
0.46008333333333334,1875,2,8,1,Sunday
0.45916666666666667,1875,3,13,1,Wednesday
0.45825000000000005,1875,4,17,2,Friday
0.45733333333333337,1875,5,22,2,Monday
0.4564166666666667,1875,6,26,2,Wednesday
0.4555,1875,7,30,3,Saturday
0.45458333333333334,1875,8,35,3,Tuesday
0.45366666666666666,1875,9,39,3,Thursday
0.45275,1875,10,43,4,Sunday
0.45183333333333336,1875,11,48,4,Tuesday
0.4509166666666667,1875,12,52,4,Friday
0.45,1876,1,5,1,Monday
0.45283333333333337,1876,2,9,1,Tuesday
0.45566666666666666,1876,3,13,1,Friday
0.4585,1876,4,17,2,Sunday
0.4613333333333333,1876,5,22,2,Wednesday
0.46416666666666667,1876,6,26,2,Friday
0.46699999999999997,1876,7,31,3,Monday
0.4698333333333333,1876,8,35,3,Thursday
0.4726666666666667,1876,9,39,3,Saturday
0.4755,1876,10,44,4,Tuesday
0.47833333333333333,1876,11,48,4,Thursday
0.48116666666666663,1876,12,52,4,Sunday
0.484,1877,1,5,1,Wednesday
0.48166666666666663,1877,2,9,1,Wednesday
0.47933333333333333,1877,3,13,1,Saturday
0.477,1877,4,18,2,Monday
0.4746666666666667,1877,5,22,2,Thursday
0.4723333333333333,1877,6,26,2,Saturday
0.47,1877,7,31,3,Tuesday
0.4676666666666667,1877,8,35,3,Friday
0.4653333333333333,1877,9,39,3,Sunday
0.463,1877,10,44,4,Wednesday
0.46066666666666667,1877,11,48,4,Friday
0.45833333333333337,1877,12,1,4,Monday
0.456,1878,1,5,1,Thursday
0.46033333333333337,1878,2,9,1,Thursday
0.4646666666666667,1878,3,13,1,Sunday
0.46900000000000003,1878,4,18,2,Tuesday
0.47333333333333333,1878,5,22,2,Friday
0.4776666666666667,1878,6,26,2,Sunday
0.482,1878,7,31,3,Wednesday
0.48633333333333334,1878,8,35,3,Saturday
0.4906666666666667,1878,9,40,3,Monday
0.495,1878,10,44,4,Thursday
0.49933333333333335,1878,11,48,4,Saturday
0.5036666666666667,1878,12,1,4,Tuesday
0.508,1879,1,5,1,Friday
0.5656666666666667,1879,2,9,1,Friday
0.6233333333333333,1879,3,14,1,Monday
0.681,1879,4,18,2,Wednesday
0.7386666666666667,1879,5,22,2,Saturday
0.7963333333333333,1879,6,27,2,Monday
0.854,1879,7,31,3,Thursday
0.9116666666666666,1879,8,35,3,Sunday
0.9693333333333334,1879,9,40,3,Tuesday
1.0270000000000001,1879,10,44,4,Friday
1.0846666666666667,1879,11,48,4,Sunday
1.1423333333333332,1879,12,1,4,Wednesday
1.2,1880,1,5,1,Saturday
1.2058333333333333,1880,2,9,1,Sunday
1.2116666666666667,1880,3,14,1,Wednesday
1.2175,1880,4,18,2,Friday
1.2233333333333334,1880,5,23,2,Monday
1.2291666666666667,1880,6,27,2,Wednesday
1.2349999999999999,1880,7,31,3,Saturday
1.2408333333333332,1880,8,36,3,Tuesday
1.2466666666666666,1880,9,40,3,Thursday
1.2525,1880,10,44,4,Sunday
1.2583333333333333,1880,11,49,4,Tuesday
1.2641666666666667,1880,12,53,4,Friday
1.27,1881,1,5,1,Monday
1.2875,1881,2,9,1,Monday
1.305,1881,3,13,1,Thursday
1.3225,1881,4,17,2,Saturday
1.34,1881,5,22,2,Tuesday
1.3575,1881,6,26,2,Thursday
1.375,1881,7,30,3,Sunday
1.3925,1881,8,35,3,Wednesday
1.41,1881,9,39,3,Friday
1.4275,1881,10,44,4,Monday
1.445,1881,11,48,4,Wednesday
1.4625,1881,12,52,4,Saturday
1.48,1882,1,5,1,Tuesday
1.4933333333333334,1882,2,9,1,Tuesday
1.5066666666666666,1882,3,13,1,Friday
1.52,1882,4,17,2,Sunday
1.5333333333333332,1882,5,22,2,Wednesday
1.5466666666666666,1882,6,26,2,Friday
1.56,1882,7,31,3,Monday
1.5733333333333333,1882,8,35,3,Thursday
1.5866666666666667,1882,9,39,3,Saturday
1.5999999999999999,1882,10,44,4,Tuesday
1.6133333333333333,1882,11,48,4,Thursday
1.6266666666666665,1882,12,52,4,Sunday
1.64,1883,1,5,1,Wednesday
1.6591666666666667,1883,2,9,1,Wednesday
1.6783333333333332,1883,3,13,1,Saturday
1.6975,1883,4,18,2,Monday
1.7166666666666666,1883,5,22,2,Thursday
1.7358333333333333,1883,6,26,2,Saturday
1.755,1883,7,31,3,Tuesday
1.7741666666666667,1883,8,35,3,Friday
1.7933333333333334,1883,9,39,3,Sunday
1.8125,1883,10,44,4,Wednesday
1.8316666666666668,1883,11,48,4,Friday
1.8508333333333333,1883,12,1,4,Monday
1.87,1884,1,5,1,Thursday
1.8625,1884,2,9,1,Friday
1.855,1884,3,14,1,Monday
1.8475000000000001,1884,4,18,2,Wednesday
1.84,1884,5,22,2,Saturday
1.8325,1884,6,27,2,Monday
1.8250000000000002,1884,7,31,3,Thursday
1.8175000000000001,1884,8,35,3,Sunday
1.81,1884,9,40,3,Tuesday
1.8025,1884,10,44,4,Friday
1.795,1884,11,48,4,Sunday
1.7875,1884,12,1,4,Wednesday
1.78,1885,1,5,1,Saturday
1.7875,1885,2,9,1,Saturday
1.795,1885,3,14,1,Tuesday
1.8025,1885,4,18,2,Thursday
1.81,1885,5,22,2,Sunday
1.8175000000000001,1885,6,27,2,Tuesday
1.8250000000000002,1885,7,31,3,Friday
1.8325,1885,8,36,3,Monday
1.84,1885,9,40,3,Wednesday
1.8475000000000001,1885,10,44,4,Saturday
1.855,1885,11,49,4,Monday
1.8625,1885,12,53,4,Thursday
1.87,1886,1,4,1,Sunday
1.8925,1886,2,8,1,Sunday
1.915,1886,3,13,1,Wednesday
1.9375,1886,4,17,2,Friday
1.9600000000000002,1886,5,22,2,Monday
1.9825000000000002,1886,6,26,2,Wednesday
2.005,1886,7,30,3,Saturday
2.0275000000000003,1886,8,35,3,Tuesday
2.0500000000000003,1886,9,39,3,Thursday
2.0725000000000002,1886,10,43,4,Sunday
2.095,1886,11,48,4,Tuesday
2.1175,1886,12,52,4,Friday
2.14,1887,1,5,1,Monday
2.1925,1887,2,9,1,Monday
2.245,1887,3,13,1,Thursday
2.2975000000000003,1887,4,17,2,Saturday
2.35,1887,5,22,2,Tuesday
2.4025,1887,6,26,2,Thursday
2.455,1887,7,30,3,Sunday
2.5075000000000003,1887,8,35,3,Wednesday
2.56,1887,9,39,3,Friday
2.6125,1887,10,44,4,Monday
2.665,1887,11,48,4,Wednesday
2.7175000000000002,1887,12,52,4,Saturday
2.77,1888,1,5,1,Tuesday
2.7333333333333334,1888,2,9,1,Wednesday
2.6966666666666668,1888,3,13,1,Saturday
2.66,1888,4,18,2,Monday
2.6233333333333335,1888,5,22,2,Thursday
2.586666666666667,1888,6,26,2,Saturday
2.55,1888,7,31,3,Tuesday
2.5133333333333336,1888,8,35,3,Friday
2.4766666666666666,1888,9,39,3,Sunday
2.44,1888,10,44,4,Wednesday
2.4033333333333333,1888,11,48,4,Friday
2.3666666666666667,1888,12,1,4,Monday
2.33,1889,1,5,1,Thursday
2.3466666666666667,1889,2,9,1,Thursday
2.3633333333333333,1889,3,13,1,Sunday
2.38,1889,4,18,2,Tuesday
2.3966666666666665,1889,5,22,2,Friday
2.413333333333333,1889,6,26,2,Sunday
2.4299999999999997,1889,7,31,3,Wednesday
2.4466666666666668,1889,8,35,3,Saturday
2.4633333333333334,1889,9,40,3,Monday
2.48,1889,10,44,4,Thursday
2.4966666666666666,1889,11,48,4,Saturday
2.513333333333333,1889,12,1,4,Tuesday
2.53,1890,1,5,1,Friday
2.5533333333333332,1890,2,9,1,Friday
2.5766666666666667,1890,3,14,1,Monday
2.5999999999999996,1890,4,18,2,Wednesday
2.623333333333333,1890,5,22,2,Saturday
2.6466666666666665,1890,6,27,2,Monday
2.67,1890,7,31,3,Thursday
2.6933333333333334,1890,8,35,3,Sunday
2.716666666666667,1890,9,40,3,Tuesday
2.74,1890,10,44,4,Friday
2.763333333333333,1890,11,48,4,Sunday
2.7866666666666666,1890,12,1,4,Wednesday
2.81,1891,1,5,1,Saturday
2.8075,1891,2,9,1,Saturday
2.805,1891,3,14,1,Tuesday
2.8025,1891,4,18,2,Thursday
2.8,1891,5,22,2,Sunday
2.7975,1891,6,27,2,Tuesday
2.795,1891,7,31,3,Friday
2.7925,1891,8,36,3,Monday
2.79,1891,9,40,3,Wednesday
2.7874999999999996,1891,10,44,4,Saturday
2.7849999999999997,1891,11,49,4,Monday
2.7824999999999998,1891,12,53,4,Thursday
2.78,1892,1,4,1,Sunday
2.793333333333333,1892,2,9,1,Monday
2.8066666666666666,1892,3,13,1,Thursday
2.82,1892,4,17,2,Saturday
2.833333333333333,1892,5,22,2,Tuesday
2.8466666666666667,1892,6,26,2,Thursday
2.86,1892,7,30,3,Sunday
2.873333333333333,1892,8,35,3,Wednesday
2.8866666666666667,1892,9,39,3,Friday
2.9,1892,10,44,4,Monday
2.913333333333333,1892,11,48,4,Wednesday
2.9266666666666667,1892,12,52,4,Saturday
2.94,1893,1,5,1,Tuesday
2.9266666666666667,1893,2,9,1,Tuesday
2.913333333333333,1893,3,13,1,Friday
2.9,1893,4,17,2,Sunday
2.8866666666666667,1893,5,22,2,Wednesday
2.873333333333333,1893,6,26,2,Friday
2.86,1893,7,31,3,Monday
2.8466666666666667,1893,8,35,3,Thursday
2.833333333333333,1893,9,39,3,Saturday
2.82,1893,10,44,4,Tuesday
2.8066666666666666,1893,11,48,4,Thursday
2.793333333333333,1893,12,52,4,Sunday
2.78,1894,1,5,1,Wednesday
2.7666666666666666,1894,2,9,1,Wednesday
2.753333333333333,1894,3,13,1,Saturday
2.7399999999999998,1894,4,18,2,Monday
2.7266666666666666,1894,5,22,2,Thursday
2.7133333333333334,1894,6,26,2,Saturday
2.7,1894,7,31,3,Tuesday
2.6866666666666665,1894,8,35,3,Friday
2.6733333333333333,1894,9,39,3,Sunday
2.66,1894,10,44,4,Wednesday
2.6466666666666665,1894,11,48,4,Friday
2.6333333333333333,1894,12,1,4,Monday
2.62,1895,1,5,1,Thursday
2.6358333333333333,1895,2,9,1,Thursday
2.651666666666667,1895,3,13,1,Sunday
2.6675,1895,4,18,2,Tuesday
2.6833333333333336,1895,5,22,2,Friday
2.6991666666666667,1895,6,26,2,Sunday
2.715,1895,7,31,3,Wednesday
2.7308333333333334,1895,8,35,3,Saturday
2.7466666666666666,1895,9,40,3,Monday
2.7625,1895,10,44,4,Thursday
2.7783333333333333,1895,11,48,4,Saturday
2.794166666666667,1895,12,1,4,Tuesday
2.81,1896,1,5,1,Friday
2.8091666666666666,1896,2,9,1,Saturday
2.8083333333333336,1896,3,14,1,Tuesday
2.8075,1896,4,18,2,Thursday
2.8066666666666666,1896,5,22,2,Sunday
2.805833333333333,1896,6,27,2,Tuesday
2.8049999999999997,1896,7,31,3,Friday
2.8041666666666667,1896,8,36,3,Monday
2.8033333333333332,1896,9,40,3,Wednesday
2.8024999999999998,1896,10,44,4,Saturday
2.8016666666666667,1896,11,49,4,Monday
2.8008333333333333,1896,12,53,4,Thursday
2.8,1897,1,4,1,Sunday
2.8116666666666665,1897,2,8,1,Sunday
2.8233333333333333,1897,3,13,1,Wednesday
2.835,1897,4,17,2,Friday
2.8466666666666667,1897,5,22,2,Monday
2.8583333333333334,1897,6,26,2,Wednesday
2.87,1897,7,30,3,Saturday
2.8816666666666664,1897,8,35,3,Tuesday
2.893333333333333,1897,9,39,3,Thursday
2.905,1897,10,43,4,Sunday
2.9166666666666665,1897,11,48,4,Tuesday
2.9283333333333332,1897,12,52,4,Friday
2.94,1898,1,5,1,Monday
2.9891666666666667,1898,2,9,1,Monday
3.038333333333333,1898,3,13,1,Thursday
3.0875,1898,4,17,2,Saturday
3.1366666666666667,1898,5,22,2,Tuesday
3.185833333333333,1898,6,26,2,Thursday
3.235,1898,7,30,3,Sunday
3.2841666666666667,1898,8,35,3,Wednesday
3.333333333333333,1898,9,39,3,Friday
3.3825,1898,10,44,4,Monday
3.4316666666666666,1898,11,48,4,Wednesday
3.480833333333333,1898,12,52,4,Saturday
3.53,1899,1,5,1,Tuesday
3.5466666666666664,1899,2,9,1,Tuesday
3.563333333333333,1899,3,13,1,Friday
3.58,1899,4,17,2,Sunday
3.5966666666666667,1899,5,22,2,Wednesday
3.6133333333333333,1899,6,26,2,Friday
3.63,1899,7,31,3,Monday
3.6466666666666665,1899,8,35,3,Thursday
3.663333333333333,1899,9,39,3,Saturday
3.6799999999999997,1899,10,44,4,Tuesday
3.6966666666666668,1899,11,48,4,Thursday
3.7133333333333334,1899,12,52,4,Sunday
3.73,1900,1,5,1,Wednesday
3.7725,1900,2,9,1,Wednesday
3.815,1900,3,13,1,Saturday
3.8575,1900,4,18,2,Monday
3.9,1900,5,22,2,Thursday
3.9425,1900,6,26,2,Saturday
3.9850000000000003,1900,7,31,3,Tuesday
4.0275,1900,8,35,3,Friday
4.07,1900,9,39,3,Sunday
4.1125,1900,10,44,4,Wednesday
4.155,1900,11,48,4,Friday
4.1975,1900,12,1,4,Monday
4.24,1901,1,5,1,Thursday
4.260833333333333,1901,2,9,1,Thursday
4.281666666666667,1901,3,13,1,Sunday
4.3025,1901,4,18,2,Tuesday
4.323333333333333,1901,5,22,2,Friday
4.344166666666667,1901,6,26,2,Sunday
4.365,1901,7,31,3,Wednesday
4.385833333333333,1901,8,35,3,Saturday
4.406666666666667,1901,9,40,3,Monday
4.4275,1901,10,44,4,Thursday
4.448333333333333,1901,11,48,4,Saturday
4.469166666666667,1901,12,1,4,Tuesday
4.49,1902,1,5,1,Friday
4.514166666666667,1902,2,9,1,Friday
4.538333333333334,1902,3,14,1,Monday
4.5625,1902,4,18,2,Wednesday
4.586666666666667,1902,5,22,2,Saturday
4.610833333333334,1902,6,27,2,Monday
4.635,1902,7,31,3,Thursday
4.659166666666667,1902,8,35,3,Sunday
4.683333333333334,1902,9,40,3,Tuesday
4.7075000000000005,1902,10,44,4,Friday
4.731666666666667,1902,11,48,4,Sunday
4.755833333333333,1902,12,1,4,Wednesday
4.78,1903,1,5,1,Saturday
4.84,1903,2,9,1,Saturday
4.9,1903,3,14,1,Tuesday
4.96,1903,4,18,2,Thursday
5.0200000000000005,1903,5,22,2,Sunday
5.08,1903,6,27,2,Tuesday
5.140000000000001,1903,7,31,3,Friday
5.2,1903,8,36,3,Monday
5.26,1903,9,40,3,Wednesday
5.32,1903,10,44,4,Saturday
5.38,1903,11,49,4,Monday
5.4399999999999995,1903,12,53,4,Thursday
5.5,1904,1,4,1,Sunday
5.5183333333333335,1904,2,9,1,Monday
5.536666666666667,1904,3,13,1,Thursday
5.555,1904,4,17,2,Saturday
5.573333333333333,1904,5,22,2,Tuesday
5.591666666666667,1904,6,26,2,Thursday
5.609999999999999,1904,7,30,3,Sunday
5.628333333333333,1904,8,35,3,Wednesday
5.6466666666666665,1904,9,39,3,Friday
5.665,1904,10,44,4,Monday
5.683333333333334,1904,11,48,4,Wednesday
5.701666666666666,1904,12,52,4,Saturday
5.72,1905,1,5,1,Tuesday
5.7325,1905,2,9,1,Tuesday
5.745,1905,3,13,1,Friday
5.7575,1905,4,17,2,Sunday
5.77,1905,5,22,2,Wednesday
5.7825,1905,6,26,2,Friday
5.795,1905,7,31,3,Monday
5.8075,1905,8,35,3,Thursday
5.82,1905,9,39,3,Saturday
5.8325,1905,10,44,4,Tuesday
5.845,1905,11,48,4,Thursday
5.8575,1905,12,52,4,Sunday
5.87,1906,1,5,1,Wednesday
5.979166666666667,1906,2,9,1,Wednesday
6.088333333333333,1906,3,13,1,Saturday
6.1975,1906,4,18,2,Monday
6.306666666666667,1906,5,22,2,Thursday
6.4158333333333335,1906,6,26,2,Saturday
6.525,1906,7,31,3,Tuesday
6.634166666666666,1906,8,35,3,Friday
6.743333333333333,1906,9,39,3,Sunday
6.8525,1906,10,44,4,Wednesday
6.961666666666666,1906,11,48,4,Friday
7.070833333333333,1906,12,1,4,Monday
7.18,1907,1,5,1,Thursday
7.166666666666666,1907,2,9,1,Thursday
7.153333333333333,1907,3,13,1,Sunday
7.14,1907,4,18,2,Tuesday
7.126666666666666,1907,5,22,2,Friday
7.113333333333333,1907,6,26,2,Sunday
7.1,1907,7,31,3,Wednesday
7.086666666666666,1907,8,35,3,Saturday
7.073333333333333,1907,9,40,3,Monday
7.06,1907,10,44,4,Thursday
7.046666666666666,1907,11,48,4,Saturday
7.033333333333333,1907,12,1,4,Tuesday
7.02,1908,1,5,1,Friday
6.977499999999999,1908,2,9,1,Saturday
6.935,1908,3,14,1,Tuesday
6.8925,1908,4,18,2,Thursday
6.85,1908,5,22,2,Sunday
6.807499999999999,1908,6,27,2,Tuesday
6.765,1908,7,31,3,Friday
6.7225,1908,8,36,3,Monday
6.68,1908,9,40,3,Wednesday
6.637499999999999,1908,10,44,4,Saturday
6.595,1908,11,49,4,Monday
6.5525,1908,12,53,4,Thursday
6.51,1909,1,4,1,Sunday
6.5675,1909,2,8,1,Sunday
6.625,1909,3,13,1,Wednesday
6.6825,1909,4,17,2,Friday
6.74,1909,5,22,2,Monday
6.7975,1909,6,26,2,Wednesday
6.855,1909,7,30,3,Saturday
6.9125,1909,8,35,3,Tuesday
6.97,1909,9,39,3,Thursday
7.0275,1909,10,43,4,Sunday
7.085,1909,11,48,4,Tuesday
7.1425,1909,12,52,4,Friday
7.2,1910,1,5,1,Monday
7.281666666666667,1910,2,9,1,Monday
7.363333333333333,1910,3,13,1,Thursday
7.445,1910,4,17,2,Saturday
7.526666666666666,1910,5,22,2,Tuesday
7.608333333333333,1910,6,26,2,Thursday
7.6899999999999995,1910,7,30,3,Sunday
7.7716666666666665,1910,8,35,3,Wednesday
7.8533333333333335,1910,9,39,3,Friday
7.935,1910,10,44,4,Monday
8.016666666666666,1910,11,48,4,Wednesday
8.098333333333333,1910,12,52,4,Saturday
8.18,1911,1,5,1,Tuesday
8.236666666666666,1911,2,9,1,Tuesday
8.293333333333333,1911,3,13,1,Friday
8.35,1911,4,17,2,Sunday
8.406666666666666,1911,5,22,2,Wednesday
8.463333333333333,1911,6,26,2,Friday
8.52,1911,7,31,3,Monday
8.576666666666666,1911,8,35,3,Thursday
8.633333333333333,1911,9,39,3,Saturday
8.69,1911,10,44,4,Tuesday
8.746666666666666,1911,11,48,4,Thursday
8.803333333333333,1911,12,52,4,Sunday
8.86,1912,1,5,1,Wednesday
8.963333333333333,1912,2,9,1,Thursday
9.066666666666666,1912,3,13,1,Sunday
9.17,1912,4,18,2,Tuesday
9.273333333333333,1912,5,22,2,Friday
9.376666666666667,1912,6,26,2,Sunday
9.48,1912,7,31,3,Wednesday
9.583333333333332,1912,8,35,3,Saturday
9.686666666666666,1912,9,40,3,Monday
9.79,1912,10,44,4,Thursday
9.893333333333333,1912,11,48,4,Saturday
9.996666666666666,1912,12,1,4,Tuesday
10.1,1913,1,5,1,Friday
9.969166666666666,1913,2,9,1,Friday
9.838333333333333,1913,3,14,1,Monday
9.7075,1913,4,18,2,Wednesday
9.576666666666666,1913,5,22,2,Saturday
9.445833333333333,1913,6,27,2,Monday
9.315,1913,7,31,3,Thursday
9.184166666666666,1913,8,35,3,Sunday
9.053333333333333,1913,9,40,3,Tuesday
8.9225,1913,10,44,4,Friday
8.791666666666666,1913,11,48,4,Sunday
8.660833333333333,1913,12,1,4,Wednesday
8.53,1914,1,5,1,Saturday
8.445,1914,2,9,1,Saturday
8.36,1914,3,14,1,Tuesday
8.274999999999999,1914,4,18,2,Thursday
8.19,1914,5,22,2,Sunday
8.105,1914,6,27,2,Tuesday
8.02,1914,7,31,3,Friday
7.935,1914,8,36,3,Monday
7.85,1914,9,40,3,Wednesday
7.765,1914,10,44,4,Saturday
7.68,1914,11,49,4,Monday
7.595,1914,12,53,4,Thursday
7.51,1915,1,4,1,Sunday
7.661666666666666,1915,2,8,1,Sunday
7.8133333333333335,1915,3,13,1,Wednesday
7.965,1915,4,17,2,Friday
8.116666666666667,1915,5,22,2,Monday
8.268333333333333,1915,6,26,2,Wednesday
8.42,1915,7,30,3,Saturday
8.571666666666667,1915,8,35,3,Tuesday
8.723333333333333,1915,9,39,3,Thursday
8.875,1915,10,43,4,Sunday
9.026666666666667,1915,11,48,4,Tuesday
9.178333333333333,1915,12,52,4,Friday
9.33,1916,1,5,1,Monday
9.410833333333333,1916,2,9,1,Tuesday
9.491666666666667,1916,3,13,1,Friday
9.5725,1916,4,17,2,Sunday
9.653333333333334,1916,5,22,2,Wednesday
9.734166666666667,1916,6,26,2,Friday
9.815000000000001,1916,7,31,3,Monday
9.895833333333334,1916,8,35,3,Thursday
9.976666666666667,1916,9,39,3,Saturday
10.057500000000001,1916,10,44,4,Tuesday
10.138333333333334,1916,11,48,4,Thursday
10.219166666666668,1916,12,52,4,Sunday
10.3,1917,1,5,1,Wednesday
10.333333333333334,1917,2,9,1,Wednesday
10.366666666666667,1917,3,13,1,Saturday
10.4,1917,4,18,2,Monday
10.433333333333334,1917,5,22,2,Thursday
10.466666666666667,1917,6,26,2,Saturday
10.5,1917,7,31,3,Tuesday
10.533333333333333,1917,8,35,3,Friday
10.566666666666666,1917,9,39,3,Sunday
10.6,1917,10,44,4,Wednesday
10.633333333333333,1917,11,48,4,Friday
10.666666666666666,1917,12,1,4,Monday
10.7,1918,1,5,1,Thursday
10.550833333333333,1918,2,9,1,Thursday
10.401666666666666,1918,3,13,1,Sunday
10.2525,1918,4,18,2,Tuesday
10.103333333333333,1918,5,22,2,Friday
9.954166666666666,1918,6,26,2,Sunday
9.805,1918,7,31,3,Wednesday
9.655833333333334,1918,8,35,3,Saturday
9.506666666666666,1918,9,40,3,Monday
9.3575,1918,10,44,4,Thursday
9.208333333333334,1918,11,48,4,Saturday
9.059166666666666,1918,12,1,4,Tuesday
8.91,1919,1,5,1,Friday
8.970833333333333,1919,2,9,1,Friday
9.031666666666666,1919,3,14,1,Monday
9.092500000000001,1919,4,18,2,Wednesday
9.153333333333334,1919,5,22,2,Saturday
9.214166666666667,1919,6,27,2,Monday
9.275,1919,7,31,3,Thursday
9.335833333333333,1919,8,35,3,Sunday
9.396666666666667,1919,9,40,3,Tuesday
9.4575,1919,10,44,4,Friday
9.518333333333334,1919,11,48,4,Sunday
9.579166666666667,1919,12,1,4,Wednesday
9.64,1920,1,5,1,Saturday
9.585,1920,2,9,1,Sunday
9.530000000000001,1920,3,14,1,Wednesday
9.475000000000001,1920,4,18,2,Friday
9.42,1920,5,23,2,Monday
9.365,1920,6,27,2,Wednesday
9.31,1920,7,31,3,Saturday
9.255,1920,8,36,3,Tuesday
9.200000000000001,1920,9,40,3,Thursday
9.145,1920,10,44,4,Sunday
9.09,1920,11,49,4,Tuesday
9.035,1920,12,53,4,Friday
8.98,1921,1,5,1,Monday
8.865,1921,2,9,1,Monday
8.75,1921,3,13,1,Thursday
8.635,1921,4,17,2,Saturday
8.52,1921,5,22,2,Tuesday
8.405,1921,6,26,2,Thursday
8.29,1921,7,30,3,Sunday
8.175,1921,8,35,3,Wednesday
8.06,1921,9,39,3,Friday
7.945,1921,10,44,4,Monday
7.83,1921,11,48,4,Wednesday
7.715,1921,12,52,4,Saturday
7.6,1922,1,5,1,Tuesday
7.808333333333333,1922,2,9,1,Tuesday
8.016666666666666,1922,3,13,1,Friday
8.225,1922,4,17,2,Sunday
8.433333333333334,1922,5,22,2,Wednesday
8.641666666666666,1922,6,26,2,Friday
8.85,1922,7,31,3,Monday
9.058333333333334,1922,8,35,3,Thursday
9.266666666666666,1922,9,39,3,Saturday
9.475,1922,10,44,4,Tuesday
9.683333333333334,1922,11,48,4,Thursday
9.891666666666666,1922,12,52,4,Sunday
10.1,1923,1,5,1,Wednesday
9.9475,1923,2,9,1,Wednesday
9.795,1923,3,13,1,Saturday
9.6425,1923,4,18,2,Monday
9.49,1923,5,22,2,Thursday
9.3375,1923,6,26,2,Saturday
9.184999999999999,1923,7,31,3,Tuesday
9.032499999999999,1923,8,35,3,Friday
8.879999999999999,1923,9,39,3,Sunday
8.7275,1923,10,44,4,Wednesday
8.575,1923,11,48,4,Friday
8.4225,1923,12,1,4,Monday
8.27,1924,1,5,1,Thursday
8.24,1924,2,9,1,Friday
8.209999999999999,1924,3,14,1,Monday
8.18,1924,4,18,2,Wednesday
8.15,1924,5,22,2,Saturday
8.12,1924,6,27,2,Monday
8.09,1924,7,31,3,Thursday
8.06,1924,8,35,3,Sunday
8.03,1924,9,40,3,Tuesday
8.0,1924,10,44,4,Friday
7.97,1924,11,48,4,Sunday
7.94,1924,12,1,4,Wednesday
7.91,1925,1,5,1,Saturday
7.98,1925,2,9,1,Saturday
8.05,1925,3,14,1,Tuesday
8.120000000000001,1925,4,18,2,Thursday
8.19,1925,5,22,2,Sunday
8.26,1925,6,27,2,Tuesday
8.33,1925,7,31,3,Friday
8.4,1925,8,36,3,Monday
8.47,1925,9,40,3,Wednesday
8.54,1925,10,44,4,Saturday
8.61,1925,11,49,4,Monday
8.68,1925,12,53,4,Thursday
8.75,1926,1,4,1,Sunday
8.7975,1926,2,8,1,Sunday
8.845,1926,3,13,1,Wednesday
8.8925,1926,4,17,2,Friday
8.94,1926,5,22,2,Monday
8.9875,1926,6,26,2,Wednesday
9.035,1926,7,30,3,Saturday
9.0825,1926,8,35,3,Tuesday
9.13,1926,9,39,3,Thursday
9.1775,1926,10,43,4,Sunday
9.225,1926,11,48,4,Tuesday
9.2725,1926,12,52,4,Friday
9.32,1927,1,5,1,Monday
9.32,1927,2,9,1,Monday
9.32,1927,3,13,1,Thursday
9.32,1927,4,17,2,Saturday
9.32,1927,5,22,2,Tuesday
9.32,1927,6,26,2,Thursday
9.32,1927,7,30,3,Sunday
9.32,1927,8,35,3,Wednesday
9.32,1927,9,39,3,Friday
9.32,1927,10,44,4,Monday
9.32,1927,11,48,4,Wednesday
9.32,1927,12,52,4,Saturday
9.32,1928,1,5,1,Tuesday
9.348333333333333,1928,2,9,1,Wednesday
9.376666666666667,1928,3,13,1,Saturday
9.405000000000001,1928,4,18,2,Monday
9.433333333333334,1928,5,22,2,Thursday
9.461666666666666,1928,6,26,2,Saturday
9.49,1928,7,31,3,Tuesday
9.518333333333334,1928,8,35,3,Friday
9.546666666666667,1928,9,39,3,Sunday
9.575,1928,10,44,4,Wednesday
9.603333333333333,1928,11,48,4,Friday
9.631666666666668,1928,12,1,4,Monday
9.66,1929,1,5,1,Thursday
9.608333333333334,1929,2,9,1,Thursday
9.556666666666667,1929,3,13,1,Sunday
9.504999999999999,1929,4,18,2,Tuesday
9.453333333333333,1929,5,22,2,Friday
9.401666666666667,1929,6,26,2,Sunday
9.35,1929,7,31,3,Wednesday
9.298333333333332,1929,8,35,3,Saturday
9.246666666666666,1929,9,40,3,Monday
9.195,1929,10,44,4,Thursday
9.143333333333333,1929,11,48,4,Saturday
9.091666666666665,1929,12,1,4,Tuesday
9.04,1930,1,5,1,Friday
8.882499999999999,1930,2,9,1,Friday
8.725,1930,3,14,1,Monday
8.567499999999999,1930,4,18,2,Wednesday
8.41,1930,5,22,2,Saturday
8.2525,1930,6,27,2,Monday
8.094999999999999,1930,7,31,3,Thursday
7.9375,1930,8,35,3,Sunday
7.78,1930,9,40,3,Tuesday
7.6225000000000005,1930,10,44,4,Friday
7.465,1930,11,48,4,Sunday
7.3075,1930,12,1,4,Wednesday
7.15,1931,1,5,1,Saturday
7.098333333333334,1931,2,9,1,Saturday
7.046666666666667,1931,3,14,1,Tuesday
6.995,1931,4,18,2,Thursday
6.943333333333333,1931,5,22,2,Sunday
6.891666666666667,1931,6,27,2,Tuesday
6.84,1931,7,31,3,Friday
6.788333333333334,1931,8,36,3,Monday
6.736666666666667,1931,9,40,3,Wednesday
6.6850000000000005,1931,10,44,4,Saturday
6.633333333333334,1931,11,49,4,Monday
6.581666666666667,1931,12,53,4,Thursday
6.53,1932,1,4,1,Sunday
6.5183333333333335,1932,2,9,1,Monday
6.506666666666667,1932,3,13,1,Thursday
6.495,1932,4,17,2,Saturday
6.483333333333333,1932,5,22,2,Tuesday
6.471666666666667,1932,6,26,2,Thursday
6.46,1932,7,30,3,Sunday
6.448333333333333,1932,8,35,3,Wednesday
6.4366666666666665,1932,9,39,3,Friday
6.425,1932,10,44,4,Monday
6.413333333333333,1932,11,48,4,Wednesday
6.401666666666666,1932,12,52,4,Saturday
6.39,1933,1,5,1,Tuesday
6.464166666666666,1933,2,9,1,Tuesday
6.538333333333333,1933,3,13,1,Friday
6.6125,1933,4,17,2,Sunday
6.6866666666666665,1933,5,22,2,Wednesday
6.760833333333333,1933,6,26,2,Friday
6.835,1933,7,31,3,Monday
6.909166666666667,1933,8,35,3,Thursday
6.983333333333333,1933,9,39,3,Saturday
7.0575,1933,10,44,4,Tuesday
7.131666666666667,1933,11,48,4,Thursday
7.2058333333333335,1933,12,52,4,Sunday
7.28,1934,1,5,1,Wednesday
7.265833333333333,1934,2,9,1,Wednesday
7.251666666666667,1934,3,13,1,Saturday
7.237500000000001,1934,4,18,2,Monday
7.223333333333334,1934,5,22,2,Thursday
7.2091666666666665,1934,6,26,2,Saturday
7.195,1934,7,31,3,Tuesday
7.180833333333334,1934,8,35,3,Friday
7.166666666666667,1934,9,39,3,Sunday
7.1525,1934,10,44,4,Wednesday
7.138333333333334,1934,11,48,4,Friday
7.124166666666667,1934,12,1,4,Monday
7.11,1935,1,5,1,Thursday
7.159166666666667,1935,2,9,1,Thursday
7.208333333333334,1935,3,13,1,Sunday
7.2575,1935,4,18,2,Tuesday
7.306666666666667,1935,5,22,2,Friday
7.355833333333334,1935,6,26,2,Sunday
7.405,1935,7,31,3,Wednesday
7.454166666666667,1935,8,35,3,Saturday
7.503333333333334,1935,9,40,3,Monday
7.5525,1935,10,44,4,Thursday
7.601666666666667,1935,11,48,4,Saturday
7.650833333333334,1935,12,1,4,Tuesday
7.7,1936,1,5,1,Friday
7.7475000000000005,1936,2,9,1,Saturday
7.795,1936,3,14,1,Tuesday
7.8425,1936,4,18,2,Thursday
7.89,1936,5,22,2,Sunday
7.9375,1936,6,27,2,Tuesday
7.984999999999999,1936,7,31,3,Friday
8.0325,1936,8,36,3,Monday
8.08,1936,9,40,3,Wednesday
8.1275,1936,10,44,4,Saturday
8.174999999999999,1936,11,49,4,Monday
8.2225,1936,12,53,4,Thursday
8.27,1937,1,4,1,Sunday
8.205833333333333,1937,2,8,1,Sunday
8.141666666666666,1937,3,13,1,Wednesday
8.0775,1937,4,17,2,Friday
8.013333333333334,1937,5,22,2,Monday
7.949166666666667,1937,6,26,2,Wednesday
7.885,1937,7,30,3,Saturday
7.820833333333333,1937,8,35,3,Tuesday
7.756666666666667,1937,9,39,3,Thursday
7.6925,1937,10,43,4,Sunday
7.628333333333333,1937,11,48,4,Tuesday
7.564166666666667,1937,12,52,4,Friday
7.5,1938,1,5,1,Monday
7.5625,1938,2,9,1,Monday
7.625,1938,3,13,1,Thursday
7.6875,1938,4,17,2,Saturday
7.75,1938,5,22,2,Tuesday
7.8125,1938,6,26,2,Thursday
7.875,1938,7,30,3,Sunday
7.9375,1938,8,35,3,Wednesday
8.0,1938,9,39,3,Friday
8.0625,1938,10,44,4,Monday
8.125,1938,11,48,4,Wednesday
8.1875,1938,12,52,4,Saturday
8.25,1939,1,5,1,Tuesday
8.34,1939,2,9,1,Tuesday
8.43,1939,3,13,1,Friday
8.52,1939,4,17,2,Sunday
8.61,1939,5,22,2,Wednesday
8.7,1939,6,26,2,Friday
8.79,1939,7,31,3,Monday
8.88,1939,8,35,3,Thursday
8.97,1939,9,39,3,Saturday
9.06,1939,10,44,4,Tuesday
9.15,1939,11,48,4,Thursday
9.24,1939,12,52,4,Sunday
9.33,1940,1,5,1,Wednesday
9.4025,1940,2,9,1,Thursday
9.475,1940,3,13,1,Sunday
9.5475,1940,4,18,2,Tuesday
9.62,1940,5,22,2,Friday
9.692499999999999,1940,6,26,2,Sunday
9.765,1940,7,31,3,Wednesday
9.8375,1940,8,35,3,Saturday
9.91,1940,9,40,3,Monday
9.9825,1940,10,44,4,Thursday
10.055,1940,11,48,4,Saturday
10.1275,1940,12,1,4,Tuesday
10.2,1941,1,5,1,Friday
10.266666666666666,1941,2,9,1,Friday
10.333333333333332,1941,3,14,1,Monday
10.399999999999999,1941,4,18,2,Wednesday
10.466666666666667,1941,5,22,2,Saturday
10.533333333333333,1941,6,27,2,Monday
10.6,1941,7,31,3,Thursday
10.666666666666666,1941,8,35,3,Sunday
10.733333333333333,1941,9,40,3,Tuesday
10.8,1941,10,44,4,Friday
10.866666666666667,1941,11,48,4,Sunday
10.933333333333334,1941,12,1,4,Wednesday
11.0,1942,1,5,1,Saturday
11.033333333333333,1942,2,9,1,Saturday
11.066666666666666,1942,3,14,1,Tuesday
11.1,1942,4,18,2,Thursday
11.133333333333333,1942,5,22,2,Sunday
11.166666666666666,1942,6,27,2,Tuesday
11.2,1942,7,31,3,Friday
11.233333333333334,1942,8,36,3,Monday
11.266666666666667,1942,9,40,3,Wednesday
11.3,1942,10,44,4,Saturday
11.333333333333334,1942,11,49,4,Monday
11.366666666666667,1942,12,53,4,Thursday
11.4,1943,1,4,1,Sunday
11.408333333333333,1943,2,8,1,Sunday
11.416666666666668,1943,3,13,1,Wednesday
11.425,1943,4,17,2,Friday
11.433333333333334,1943,5,22,2,Monday
11.441666666666666,1943,6,26,2,Wednesday
11.45,1943,7,30,3,Saturday
11.458333333333334,1943,8,35,3,Tuesday
11.466666666666667,1943,9,39,3,Thursday
11.475,1943,10,43,4,Sunday
11.483333333333334,1943,11,48,4,Tuesday
11.491666666666667,1943,12,52,4,Friday
11.5,1944,1,5,1,Monday
11.416666666666666,1944,2,9,1,Tuesday
11.333333333333334,1944,3,13,1,Friday
11.25,1944,4,17,2,Sunday
11.166666666666666,1944,5,22,2,Wednesday
11.083333333333334,1944,6,26,2,Friday
11.0,1944,7,31,3,Monday
10.916666666666666,1944,8,35,3,Thursday
10.833333333333334,1944,9,39,3,Saturday
10.75,1944,10,44,4,Tuesday
10.666666666666666,1944,11,48,4,Thursday
10.583333333333334,1944,12,52,4,Sunday
10.5,1945,1,5,1,Wednesday
10.541666666666666,1945,2,9,1,Wednesday
10.583333333333334,1945,3,13,1,Saturday
10.625,1945,4,18,2,Monday
10.666666666666666,1945,5,22,2,Thursday
10.708333333333334,1945,6,26,2,Saturday
10.75,1945,7,31,3,Tuesday
10.791666666666666,1945,8,35,3,Friday
10.833333333333334,1945,9,39,3,Sunday
10.875,1945,10,44,4,Wednesday
10.916666666666666,1945,11,48,4,Friday
10.958333333333334,1945,12,1,4,Monday
11.0,1946,1,5,1,Thursday
11.016666666666666,1946,2,9,1,Thursday
11.033333333333333,1946,3,13,1,Sunday
11.05,1946,4,18,2,Tuesday
11.066666666666666,1946,5,22,2,Friday
11.083333333333332,1946,6,26,2,Sunday
11.1,1946,7,31,3,Wednesday
11.116666666666667,1946,8,35,3,Saturday
11.133333333333333,1946,9,40,3,Monday
11.149999999999999,1946,10,44,4,Thursday
11.166666666666666,1946,11,48,4,Saturday
11.183333333333334,1946,12,1,4,Tuesday
11.2,1947,1,5,1,Friday
11.274999999999999,1947,2,9,1,Friday
11.35,1947,3,14,1,Monday
11.424999999999999,1947,4,18,2,Wednesday
11.5,1947,5,22,2,Saturday
11.575,1947,6,27,2,Monday
11.649999999999999,1947,7,31,3,Thursday
11.725,1947,8,35,3,Sunday
11.799999999999999,1947,9,40,3,Tuesday
11.875,1947,10,44,4,Friday
11.95,1947,11,48,4,Sunday
12.025,1947,12,1,4,Wednesday
12.1,1948,1,5,1,Saturday
11.991666666666667,1948,2,9,1,Sunday
11.883333333333333,1948,3,14,1,Wednesday
11.775,1948,4,18,2,Friday
11.666666666666666,1948,5,23,2,Monday
11.558333333333334,1948,6,27,2,Wednesday
11.45,1948,7,31,3,Saturday
11.341666666666667,1948,8,36,3,Tuesday
11.233333333333334,1948,9,40,3,Thursday
11.125,1948,10,44,4,Sunday
11.016666666666667,1948,11,49,4,Tuesday
10.908333333333335,1948,12,53,4,Friday
10.8,1949,1,5,1,Monday
10.833333333333334,1949,2,9,1,Monday
10.866666666666667,1949,3,13,1,Thursday
10.9,1949,4,17,2,Saturday
10.933333333333334,1949,5,22,2,Tuesday
10.966666666666667,1949,6,26,2,Thursday
11.0,1949,7,30,3,Sunday
11.033333333333333,1949,8,35,3,Wednesday
11.066666666666666,1949,9,39,3,Friday
11.1,1949,10,44,4,Monday
11.133333333333333,1949,11,48,4,Wednesday
11.166666666666666,1949,12,52,4,Saturday
11.2,1950,1,5,1,Tuesday
11.225,1950,2,9,1,Tuesday
11.25,1950,3,13,1,Friday
11.274999999999999,1950,4,17,2,Sunday
11.299999999999999,1950,5,22,2,Wednesday
11.325,1950,6,26,2,Friday
11.35,1950,7,31,3,Monday
11.375,1950,8,35,3,Thursday
11.4,1950,9,39,3,Saturday
11.425,1950,10,44,4,Tuesday
11.45,1950,11,48,4,Thursday
11.475,1950,12,52,4,Sunday
11.5,1951,1,5,1,Wednesday
11.458333333333334,1951,2,9,1,Wednesday
11.416666666666666,1951,3,13,1,Saturday
11.375,1951,4,18,2,Monday
11.333333333333334,1951,5,22,2,Thursday
11.291666666666666,1951,6,26,2,Saturday
11.25,1951,7,31,3,Tuesday
11.208333333333334,1951,8,35,3,Friday
11.166666666666666,1951,9,39,3,Sunday
11.125,1951,10,44,4,Wednesday
11.083333333333334,1951,11,48,4,Friday
11.041666666666666,1951,12,1,4,Monday
11.0,1952,1,5,1,Thursday
10.983333333333334,1952,2,9,1,Friday
10.966666666666667,1952,3,14,1,Monday
10.95,1952,4,18,2,Wednesday
10.933333333333334,1952,5,22,2,Saturday
10.916666666666668,1952,6,27,2,Monday
10.9,1952,7,31,3,Thursday
10.883333333333333,1952,8,35,3,Sunday
10.866666666666667,1952,9,40,3,Tuesday
10.850000000000001,1952,10,44,4,Friday
10.833333333333334,1952,11,48,4,Sunday
10.816666666666666,1952,12,1,4,Wednesday
10.8,1953,1,5,1,Saturday
10.791666666666668,1953,2,9,1,Saturday
10.783333333333333,1953,3,14,1,Tuesday
10.775,1953,4,18,2,Thursday
10.766666666666667,1953,5,22,2,Sunday
10.758333333333333,1953,6,27,2,Tuesday
10.75,1953,7,31,3,Friday
10.741666666666667,1953,8,36,3,Monday
10.733333333333333,1953,9,40,3,Wednesday
10.725,1953,10,44,4,Saturday
10.716666666666667,1953,11,49,4,Monday
10.708333333333332,1953,12,53,4,Thursday
10.7,1954,1,4,1,Sunday
10.708333333333332,1954,2,8,1,Sunday
10.716666666666667,1954,3,13,1,Wednesday
10.725,1954,4,17,2,Friday
10.733333333333333,1954,5,22,2,Monday
10.741666666666667,1954,6,26,2,Wednesday
10.75,1954,7,30,3,Saturday
10.758333333333333,1954,8,35,3,Tuesday
10.766666666666667,1954,9,39,3,Thursday
10.775,1954,10,43,4,Sunday
10.783333333333333,1954,11,48,4,Tuesday
10.791666666666668,1954,12,52,4,Friday
10.8,1955,1,5,1,Monday
10.875,1955,2,9,1,Monday
10.950000000000001,1955,3,13,1,Thursday
11.025,1955,4,17,2,Saturday
11.1,1955,5,22,2,Tuesday
11.175,1955,6,26,2,Thursday
11.25,1955,7,30,3,Sunday
11.325,1955,8,35,3,Wednesday
11.4,1955,9,39,3,Friday
11.475,1955,10,44,4,Monday
11.549999999999999,1955,11,48,4,Wednesday
11.625,1955,12,52,4,Saturday
11.7,1956,1,5,1,Tuesday
11.641666666666666,1956,2,9,1,Wednesday
11.583333333333332,1956,3,13,1,Saturday
11.524999999999999,1956,4,18,2,Monday
11.466666666666667,1956,5,22,2,Thursday
11.408333333333333,1956,6,26,2,Saturday
11.35,1956,7,31,3,Tuesday
11.291666666666666,1956,8,35,3,Friday
11.233333333333333,1956,9,39,3,Sunday
11.175,1956,10,44,4,Wednesday
11.116666666666667,1956,11,48,4,Friday
11.058333333333334,1956,12,1,4,Monday
11.0,1957,1,5,1,Thursday
10.975,1957,2,9,1,Thursday
10.95,1957,3,13,1,Sunday
10.925,1957,4,18,2,Tuesday
10.9,1957,5,22,2,Friday
10.875,1957,6,26,2,Sunday
10.85,1957,7,31,3,Wednesday
10.825,1957,8,35,3,Saturday
10.799999999999999,1957,9,40,3,Monday
10.774999999999999,1957,10,44,4,Thursday
10.75,1957,11,48,4,Saturday
10.725,1957,12,1,4,Tuesday
10.7,1958,1,5,1,Friday
10.683333333333334,1958,2,9,1,Friday
10.666666666666666,1958,3,14,1,Monday
10.649999999999999,1958,4,18,2,Wednesday
10.633333333333333,1958,5,22,2,Saturday
10.616666666666667,1958,6,27,2,Monday
10.6,1958,7,31,3,Thursday
10.583333333333332,1958,8,35,3,Sunday
10.566666666666666,1958,9,40,3,Tuesday
10.55,1958,10,44,4,Friday
10.533333333333333,1958,11,48,4,Sunday
10.516666666666666,1958,12,1,4,Wednesday
10.5,1959,1,5,1,Saturday
10.525,1959,2,9,1,Saturday
10.55,1959,3,14,1,Tuesday
10.575,1959,4,18,2,Thursday
10.6,1959,5,22,2,Sunday
10.625,1959,6,27,2,Tuesday
10.65,1959,7,31,3,Friday
10.675,1959,8,36,3,Monday
10.700000000000001,1959,9,40,3,Wednesday
10.725000000000001,1959,10,44,4,Saturday
10.75,1959,11,49,4,Monday
10.775,1959,12,53,4,Thursday
10.8,1960,1,4,1,Sunday
10.783333333333333,1960,2,9,1,Monday
10.766666666666667,1960,3,13,1,Thursday
10.75,1960,4,17,2,Saturday
10.733333333333334,1960,5,22,2,Tuesday
10.716666666666667,1960,6,26,2,Thursday
10.7,1960,7,30,3,Sunday
10.683333333333334,1960,8,35,3,Wednesday
10.666666666666666,1960,9,39,3,Friday
10.65,1960,10,44,4,Monday
10.633333333333333,1960,11,48,4,Wednesday
10.616666666666667,1960,12,52,4,Saturday
10.6,1961,1,5,1,Tuesday
10.641666666666666,1961,2,9,1,Tuesday
10.683333333333334,1961,3,13,1,Friday
10.725,1961,4,17,2,Sunday
10.766666666666666,1961,5,22,2,Wednesday
10.808333333333334,1961,6,26,2,Friday
10.85,1961,7,31,3,Monday
10.891666666666666,1961,8,35,3,Thursday
10.933333333333334,1961,9,39,3,Saturday
10.975,1961,10,44,4,Tuesday
11.016666666666666,1961,11,48,4,Thursday
11.058333333333334,1961,12,52,4,Sunday
11.1,1962,1,5,1,Wednesday
11.1,1962,2,9,1,Wednesday
11.1,1962,3,13,1,Saturday
11.1,1962,4,18,2,Monday
11.1,1962,5,22,2,Thursday
11.1,1962,6,26,2,Saturday
11.1,1962,7,31,3,Tuesday
11.1,1962,8,35,3,Friday
11.1,1962,9,39,3,Sunday
11.1,1962,10,44,4,Wednesday
11.1,1962,11,48,4,Friday
11.1,1962,12,1,4,Monday
11.1,1963,1,5,1,Thursday
11.2,1963,2,9,1,Thursday
11.3,1963,3,13,1,Sunday
11.4,1963,4,18,2,Tuesday
11.5,1963,5,22,2,Friday
11.6,1963,6,26,2,Sunday
11.7,1963,7,31,3,Wednesday
11.8,1963,8,35,3,Saturday
11.9,1963,9,40,3,Monday
12.0,1963,10,44,4,Thursday
12.100000000000001,1963,11,48,4,Saturday
12.200000000000001,1963,12,1,4,Tuesday
12.3,1964,1,5,1,Friday
12.341666666666667,1964,2,9,1,Saturday
12.383333333333335,1964,3,14,1,Tuesday
12.425,1964,4,18,2,Thursday
12.466666666666667,1964,5,22,2,Sunday
12.508333333333335,1964,6,27,2,Tuesday
12.55,1964,7,31,3,Friday
12.591666666666667,1964,8,36,3,Monday
12.633333333333335,1964,9,40,3,Wednesday
12.675,1964,10,44,4,Saturday
12.716666666666667,1964,11,49,4,Monday
12.758333333333335,1964,12,53,4,Thursday
12.8,1965,1,4,1,Sunday
12.808333333333334,1965,2,8,1,Sunday
12.816666666666666,1965,3,13,1,Wednesday
12.825000000000001,1965,4,17,2,Friday
12.833333333333334,1965,5,22,2,Monday
12.841666666666667,1965,6,26,2,Wednesday
12.850000000000001,1965,7,30,3,Saturday
12.858333333333334,1965,8,35,3,Tuesday
12.866666666666667,1965,9,39,3,Thursday
12.875,1965,10,43,4,Sunday
12.883333333333333,1965,11,48,4,Tuesday
12.891666666666667,1965,12,52,4,Friday
12.9,1966,1,5,1,Monday
12.975,1966,2,9,1,Monday
13.05,1966,3,13,1,Thursday
13.125,1966,4,17,2,Saturday
13.200000000000001,1966,5,22,2,Tuesday
13.275,1966,6,26,2,Thursday
13.350000000000001,1966,7,30,3,Sunday
13.425,1966,8,35,3,Wednesday
13.5,1966,9,39,3,Friday
13.575000000000001,1966,10,44,4,Monday
13.65,1966,11,48,4,Wednesday
13.725000000000001,1966,12,52,4,Saturday
13.8,1967,1,5,1,Tuesday
13.866666666666667,1967,2,9,1,Tuesday
13.933333333333334,1967,3,13,1,Friday
14.0,1967,4,17,2,Sunday
14.066666666666666,1967,5,22,2,Wednesday
14.133333333333333,1967,6,26,2,Friday
14.2,1967,7,31,3,Monday
14.266666666666667,1967,8,35,3,Thursday
14.333333333333334,1967,9,39,3,Saturday
14.4,1967,10,44,4,Tuesday
14.466666666666667,1967,11,48,4,Thursday
14.533333333333333,1967,12,52,4,Sunday
14.6,1968,1,5,1,Wednesday
14.6,1968,2,9,1,Thursday
14.6,1968,3,13,1,Sunday
14.6,1968,4,18,2,Tuesday
14.6,1968,5,22,2,Friday
14.6,1968,6,26,2,Sunday
14.6,1968,7,31,3,Wednesday
14.6,1968,8,35,3,Saturday
14.6,1968,9,40,3,Monday
14.6,1968,10,44,4,Thursday
14.6,1968,11,48,4,Saturday
14.6,1968,12,1,4,Tuesday
14.6,1969,1,5,1,Friday
14.708333333333332,1969,2,9,1,Friday
14.816666666666666,1969,3,14,1,Monday
14.925,1969,4,18,2,Wednesday
15.033333333333333,1969,5,22,2,Saturday
15.141666666666666,1969,6,27,2,Monday
15.25,1969,7,31,3,Thursday
15.358333333333334,1969,8,35,3,Sunday
15.466666666666667,1969,9,40,3,Tuesday
15.575,1969,10,44,4,Friday
15.683333333333334,1969,11,48,4,Sunday
15.791666666666668,1969,12,1,4,Wednesday
15.9,1970,1,5,1,Saturday
15.925,1970,2,9,1,Saturday
15.95,1970,3,14,1,Tuesday
15.975,1970,4,18,2,Thursday
16.0,1970,5,22,2,Sunday
16.025,1970,6,27,2,Tuesday
16.05,1970,7,31,3,Friday
16.075,1970,8,36,3,Monday
16.1,1970,9,40,3,Wednesday
16.125,1970,10,44,4,Saturday
16.15,1970,11,49,4,Monday
16.175,1970,12,53,4,Thursday
16.2,1971,1,4,1,Sunday
16.28333333333333,1971,2,8,1,Sunday
16.366666666666667,1971,3,13,1,Wednesday
16.45,1971,4,17,2,Friday
16.53333333333333,1971,5,22,2,Monday
16.616666666666667,1971,6,26,2,Wednesday
16.7,1971,7,30,3,Saturday
16.78333333333333,1971,8,35,3,Tuesday
16.866666666666667,1971,9,39,3,Thursday
16.95,1971,10,43,4,Sunday
17.03333333333333,1971,11,48,4,Tuesday
17.116666666666667,1971,12,52,4,Friday
17.2,1972,1,5,1,Monday
17.183333333333334,1972,2,9,1,Tuesday
17.166666666666664,1972,3,13,1,Friday
17.15,1972,4,17,2,Sunday
17.133333333333333,1972,5,22,2,Wednesday
17.116666666666667,1972,6,26,2,Friday
17.1,1972,7,31,3,Monday
17.083333333333332,1972,8,35,3,Thursday
17.066666666666666,1972,9,39,3,Saturday
17.05,1972,10,44,4,Tuesday
17.03333333333333,1972,11,48,4,Thursday
17.016666666666666,1972,12,52,4,Sunday
17.0,1973,1,5,1,Wednesday
17.008333333333333,1973,2,9,1,Wednesday
17.016666666666666,1973,3,13,1,Saturday
17.025,1973,4,18,2,Monday
17.033333333333335,1973,5,22,2,Thursday
17.041666666666668,1973,6,26,2,Saturday
17.05,1973,7,31,3,Tuesday
17.058333333333334,1973,8,35,3,Friday
17.066666666666666,1973,9,39,3,Sunday
17.075000000000003,1973,10,44,4,Wednesday
17.083333333333336,1973,11,48,4,Friday
17.09166666666667,1973,12,1,4,Monday
17.1,1974,1,5,1,Thursday
17.108333333333334,1974,2,9,1,Thursday
17.116666666666667,1974,3,13,1,Sunday
17.125,1974,4,18,2,Tuesday
17.133333333333333,1974,5,22,2,Friday
17.141666666666666,1974,6,26,2,Sunday
17.15,1974,7,31,3,Wednesday
17.158333333333335,1974,8,35,3,Saturday
17.166666666666668,1974,9,40,3,Monday
17.175,1974,10,44,4,Thursday
17.183333333333334,1974,11,48,4,Saturday
17.191666666666666,1974,12,1,4,Tuesday
17.2,1975,1,5,1,Friday
17.183333333333334,1975,2,9,1,Friday
17.166666666666664,1975,3,14,1,Monday
17.15,1975,4,18,2,Wednesday
17.133333333333333,1975,5,22,2,Saturday
17.116666666666667,1975,6,27,2,Monday
17.1,1975,7,31,3,Thursday
17.083333333333332,1975,8,35,3,Sunday
17.066666666666666,1975,9,40,3,Tuesday
17.05,1975,10,44,4,Friday
17.03333333333333,1975,11,48,4,Sunday
17.016666666666666,1975,12,1,4,Wednesday
17.0,1976,1,5,1,Saturday
17.016666666666666,1976,2,9,1,Sunday
17.03333333333333,1976,3,14,1,Wednesday
17.05,1976,4,18,2,Friday
17.066666666666666,1976,5,23,2,Monday
17.083333333333332,1976,6,27,2,Wednesday
17.1,1976,7,31,3,Saturday
17.116666666666667,1976,8,36,3,Tuesday
17.133333333333333,1976,9,40,3,Thursday
17.15,1976,10,44,4,Sunday
17.166666666666664,1976,11,49,4,Tuesday
17.183333333333334,1976,12,53,4,Friday
17.2,1977,1,5,1,Monday
17.208333333333332,1977,2,9,1,Monday
17.216666666666665,1977,3,13,1,Thursday
17.225,1977,4,17,2,Saturday
17.233333333333334,1977,5,22,2,Tuesday
17.241666666666667,1977,6,26,2,Thursday
17.25,1977,7,30,3,Sunday
17.258333333333333,1977,8,35,3,Wednesday
17.266666666666666,1977,9,39,3,Friday
17.275,1977,10,44,4,Monday
17.283333333333335,1977,11,48,4,Wednesday
17.291666666666668,1977,12,52,4,Saturday
17.3,1978,1,5,1,Tuesday
17.375,1978,2,9,1,Tuesday
17.45,1978,3,13,1,Friday
17.525,1978,4,17,2,Sunday
17.6,1978,5,22,2,Wednesday
17.675,1978,6,26,2,Friday
17.75,1978,7,31,3,Monday
17.825,1978,8,35,3,Thursday
17.9,1978,9,39,3,Saturday
17.975,1978,10,44,4,Tuesday
18.05,1978,11,48,4,Thursday
18.125,1978,12,52,4,Sunday
18.2,1979,1,5,1,Wednesday
18.191666666666666,1979,2,9,1,Wednesday
18.183333333333334,1979,3,13,1,Saturday
18.175,1979,4,18,2,Monday
18.166666666666668,1979,5,22,2,Thursday
18.158333333333335,1979,6,26,2,Saturday
18.15,1979,7,31,3,Tuesday
18.141666666666666,1979,8,35,3,Friday
18.133333333333333,1979,9,39,3,Sunday
18.125,1979,10,44,4,Wednesday
18.116666666666667,1979,11,48,4,Friday
18.108333333333334,1979,12,1,4,Monday
18.1,1980,1,5,1,Thursday
18.033333333333335,1980,2,9,1,Friday
17.96666666666667,1980,3,14,1,Monday
17.900000000000002,1980,4,18,2,Wednesday
17.833333333333336,1980,5,22,2,Saturday
17.76666666666667,1980,6,27,2,Monday
17.700000000000003,1980,7,31,3,Thursday
17.633333333333333,1980,8,35,3,Sunday
17.566666666666666,1980,9,40,3,Tuesday
17.5,1980,10,44,4,Friday
17.433333333333334,1980,11,48,4,Sunday
17.366666666666667,1980,12,1,4,Wednesday
17.3,1981,1,5,1,Saturday
17.241666666666667,1981,2,9,1,Saturday
17.183333333333334,1981,3,14,1,Tuesday
17.125,1981,4,18,2,Thursday
17.066666666666666,1981,5,22,2,Sunday
17.008333333333333,1981,6,27,2,Tuesday
16.950000000000003,1981,7,31,3,Friday
16.89166666666667,1981,8,36,3,Monday
16.833333333333336,1981,9,40,3,Wednesday
16.775000000000002,1981,10,44,4,Saturday
16.71666666666667,1981,11,49,4,Monday
16.658333333333335,1981,12,53,4,Thursday
16.6,1982,1,4,1,Sunday
16.566666666666666,1982,2,8,1,Sunday
16.533333333333335,1982,3,13,1,Wednesday
16.5,1982,4,17,2,Friday
16.46666666666667,1982,5,22,2,Monday
16.433333333333334,1982,6,26,2,Wednesday
16.4,1982,7,30,3,Saturday
16.366666666666667,1982,8,35,3,Tuesday
16.333333333333332,1982,9,39,3,Thursday
16.3,1982,10,43,4,Sunday
16.266666666666666,1982,11,48,4,Tuesday
16.233333333333334,1982,12,52,4,Friday
16.2,1983,1,5,1,Monday
16.233333333333334,1983,2,9,1,Monday
16.266666666666666,1983,3,13,1,Thursday
16.3,1983,4,17,2,Saturday
16.333333333333332,1983,5,22,2,Tuesday
16.366666666666667,1983,6,26,2,Thursday
16.4,1983,7,30,3,Sunday
16.433333333333334,1983,8,35,3,Wednesday
16.46666666666667,1983,9,39,3,Friday
16.5,1983,10,44,4,Monday
16.533333333333335,1983,11,48,4,Wednesday
16.566666666666666,1983,12,52,4,Saturday
16.6,1984,1,5,1,Tuesday
16.575000000000003,1984,2,9,1,Wednesday
16.55,1984,3,13,1,Saturday
16.525000000000002,1984,4,18,2,Monday
16.5,1984,5,22,2,Thursday
16.475,1984,6,26,2,Saturday
16.450000000000003,1984,7,31,3,Tuesday
16.425,1984,8,35,3,Friday
16.400000000000002,1984,9,39,3,Sunday
16.375,1984,10,44,4,Wednesday
16.35,1984,11,48,4,Friday
16.325,1984,12,1,4,Monday
16.3,1985,1,5,1,Thursday
16.233333333333334,1985,2,9,1,Thursday
16.166666666666668,1985,3,13,1,Sunday
16.1,1985,4,18,2,Tuesday
16.033333333333335,1985,5,22,2,Friday
15.966666666666667,1985,6,26,2,Sunday
15.9,1985,7,31,3,Wednesday
15.833333333333334,1985,8,35,3,Saturday
15.766666666666667,1985,9,40,3,Monday
15.7,1985,10,44,4,Thursday
15.633333333333333,1985,11,48,4,Saturday
15.566666666666666,1985,12,1,4,Tuesday
15.5,1986,1,5,1,Friday
15.558333333333334,1986,2,9,1,Friday
15.616666666666667,1986,3,14,1,Monday
15.675,1986,4,18,2,Wednesday
15.733333333333333,1986,5,22,2,Saturday
15.791666666666666,1986,6,27,2,Monday
15.85,1986,7,31,3,Thursday
15.908333333333333,1986,8,35,3,Sunday
15.966666666666667,1986,9,40,3,Tuesday
16.025,1986,10,44,4,Friday
16.083333333333332,1986,11,48,4,Sunday
16.141666666666666,1986,12,1,4,Wednesday
16.2,1987,1,5,1,Saturday
16.258333333333333,1987,2,9,1,Saturday
16.316666666666666,1987,3,14,1,Tuesday
16.375,1987,4,18,2,Thursday
16.433333333333334,1987,5,22,2,Sunday
16.491666666666667,1987,6,27,2,Tuesday
16.549999999999997,1987,7,31,3,Friday
16.60833333333333,1987,8,36,3,Monday
16.666666666666664,1987,9,40,3,Wednesday
16.724999999999998,1987,10,44,4,Saturday
16.78333333333333,1987,11,49,4,Monday
16.841666666666665,1987,12,53,4,Thursday
16.9,1988,1,4,1,Sunday
16.90833333333333,1988,2,9,1,Monday
16.916666666666664,1988,3,13,1,Thursday
16.924999999999997,1988,4,17,2,Saturday
16.933333333333334,1988,5,22,2,Tuesday
16.941666666666666,1988,6,26,2,Thursday
16.95,1988,7,30,3,Sunday
16.958333333333332,1988,8,35,3,Wednesday
16.966666666666665,1988,9,39,3,Friday
16.975,1988,10,44,4,Monday
16.983333333333334,1988,11,48,4,Wednesday
16.991666666666667,1988,12,52,4,Saturday
17.0,1989,1,5,1,Tuesday
16.891666666666666,1989,2,9,1,Tuesday
16.78333333333333,1989,3,13,1,Friday
16.675,1989,4,17,2,Sunday
16.566666666666666,1989,5,22,2,Wednesday
16.458333333333332,1989,6,26,2,Friday
16.35,1989,7,31,3,Monday
16.241666666666667,1989,8,35,3,Thursday
16.133333333333333,1989,9,39,3,Saturday
16.025,1989,10,44,4,Tuesday
15.916666666666666,1989,11,48,4,Thursday
15.808333333333334,1989,12,52,4,Sunday
15.7,1990,1,5,1,Wednesday
15.658333333333333,1990,2,9,1,Wednesday
15.616666666666665,1990,3,13,1,Saturday
15.575,1990,4,18,2,Monday
15.533333333333333,1990,5,22,2,Thursday
15.491666666666665,1990,6,26,2,Saturday
15.45,1990,7,31,3,Tuesday
15.408333333333333,1990,8,35,3,Friday
15.366666666666665,1990,9,39,3,Sunday
15.325,1990,10,44,4,Wednesday
15.283333333333333,1990,11,48,4,Friday
15.241666666666665,1990,12,1,4,Monday
15.2,1991,1,5,1,Thursday
15.225,1991,2,9,1,Thursday
15.25,1991,3,13,1,Sunday
15.274999999999999,1991,4,18,2,Tuesday
15.299999999999999,1991,5,22,2,Friday
15.325,1991,6,26,2,Sunday
15.35,1991,7,31,3,Wednesday
15.375,1991,8,35,3,Saturday
15.4,1991,9,40,3,Monday
15.425,1991,10,44,4,Thursday
15.45,1991,11,48,4,Saturday
15.475,1991,12,1,4,Tuesday
15.5,1992,1,5,1,Friday
15.5,1992,2,9,1,Saturday
15.5,1992,3,14,1,Tuesday
15.5,1992,4,18,2,Thursday
15.5,1992,5,22,2,Sunday
15.5,1992,6,27,2,Tuesday
15.5,1992,7,31,3,Friday
15.5,1992,8,36,3,Monday
15.5,1992,9,40,3,Wednesday
15.5,1992,10,44,4,Saturday
15.5,1992,11,49,4,Monday
15.5,1992,12,53,4,Thursday
15.5,1993,1,4,1,Sunday
15.516666666666666,1993,2,8,1,Sunday
15.533333333333333,1993,3,13,1,Wednesday
15.55,1993,4,17,2,Friday
15.566666666666666,1993,5,22,2,Monday
15.583333333333332,1993,6,26,2,Wednesday
15.6,1993,7,30,3,Saturday
15.616666666666667,1993,8,35,3,Tuesday
15.633333333333333,1993,9,39,3,Thursday
15.649999999999999,1993,10,43,4,Sunday
15.666666666666666,1993,11,48,4,Tuesday
15.683333333333334,1993,12,52,4,Friday
15.7,1994,1,5,1,Monday
15.716666666666667,1994,2,9,1,Monday
15.733333333333333,1994,3,13,1,Thursday
15.75,1994,4,17,2,Saturday
15.766666666666666,1994,5,22,2,Tuesday
15.783333333333333,1994,6,26,2,Thursday
15.8,1994,7,30,3,Sunday
15.816666666666666,1994,8,35,3,Wednesday
15.833333333333334,1994,9,39,3,Friday
15.85,1994,10,44,4,Monday
15.866666666666667,1994,11,48,4,Wednesday
15.883333333333333,1994,12,52,4,Saturday
15.9,1995,1,5,1,Tuesday
15.925,1995,2,9,1,Tuesday
15.95,1995,3,13,1,Friday
15.975,1995,4,17,2,Sunday
16.0,1995,5,22,2,Wednesday
16.025,1995,6,26,2,Friday
16.05,1995,7,31,3,Monday
16.075,1995,8,35,3,Thursday
16.1,1995,9,39,3,Saturday
16.125,1995,10,44,4,Tuesday
16.15,1995,11,48,4,Thursday
16.175,1995,12,52,4,Sunday
16.2,1996,1,5,1,Wednesday
16.233333333333334,1996,2,9,1,Thursday
16.266666666666666,1996,3,13,1,Sunday
16.3,1996,4,18,2,Tuesday
16.333333333333332,1996,5,22,2,Friday
16.366666666666667,1996,6,26,2,Sunday
16.4,1996,7,31,3,Wednesday
16.433333333333334,1996,8,35,3,Saturday
16.46666666666667,1996,9,40,3,Monday
16.5,1996,10,44,4,Thursday
16.533333333333335,1996,11,48,4,Saturday
16.566666666666666,1996,12,1,4,Tuesday
16.6,1997,1,5,1,Friday
16.616666666666667,1997,2,9,1,Friday
16.633333333333333,1997,3,14,1,Monday
16.650000000000002,1997,4,18,2,Wednesday
16.666666666666668,1997,5,22,2,Saturday
16.683333333333334,1997,6,27,2,Monday
16.700000000000003,1997,7,31,3,Thursday
16.71666666666667,1997,8,35,3,Sunday
16.733333333333334,1997,9,40,3,Tuesday
16.75,1997,10,44,4,Friday
16.766666666666666,1997,11,48,4,Sunday
16.783333333333335,1997,12,1,4,Wednesday
16.8,1998,1,5,1,Saturday
16.808333333333334,1998,2,9,1,Saturday
16.816666666666666,1998,3,14,1,Tuesday
16.825,1998,4,18,2,Thursday
16.833333333333332,1998,5,22,2,Sunday
16.841666666666665,1998,6,27,2,Tuesday
16.85,1998,7,31,3,Friday
16.858333333333334,1998,8,36,3,Monday
16.866666666666667,1998,9,40,3,Wednesday
16.875,1998,10,44,4,Saturday
16.883333333333333,1998,11,49,4,Monday
16.891666666666666,1998,12,53,4,Thursday
16.9,1999,1,4,1,Sunday
16.941666666666666,1999,2,8,1,Sunday
16.98333333333333,1999,3,13,1,Wednesday
17.025,1999,4,17,2,Friday
17.066666666666666,1999,5,22,2,Monday
17.10833333333333,1999,6,26,2,Wednesday
17.15,1999,7,30,3,Saturday
17.191666666666666,1999,8,35,3,Tuesday
17.23333333333333,1999,9,39,3,Thursday
17.275,1999,10,43,4,Sunday
17.316666666666666,1999,11,48,4,Tuesday
17.35833333333333,1999,12,52,4,Friday
17.4,2000,1,5,1,Monday
17.366666666666667,2000,2,9,1,Tuesday
17.333333333333332,2000,3,13,1,Friday
17.299999999999997,2000,4,17,2,Sunday
17.266666666666666,2000,5,22,2,Wednesday
17.233333333333334,2000,6,26,2,Friday
17.2,2000,7,31,3,Monday
17.166666666666664,2000,8,35,3,Thursday
17.133333333333333,2000,9,39,3,Saturday
17.1,2000,10,44,4,Tuesday
17.066666666666666,2000,11,48,4,Thursday
17.03333333333333,2000,12,52,4,Sunday
17.0,2001,1,5,1,Wednesday
16.96666666666667,2001,2,9,1,Wednesday
16.933333333333334,2001,3,13,1,Saturday
16.9,2001,4,18,2,Monday
16.866666666666667,2001,5,22,2,Thursday
16.833333333333336,2001,6,26,2,Saturday
16.8,2001,7,31,3,Tuesday
16.766666666666666,2001,8,35,3,Friday
16.733333333333334,2001,9,39,3,Sunday
16.700000000000003,2001,10,44,4,Wednesday
16.666666666666668,2001,11,48,4,Friday
16.633333333333333,2001,12,1,4,Monday
16.6,2002,1,5,1,Thursday
16.675,2002,2,9,1,Thursday
16.75,2002,3,13,1,Sunday
16.825000000000003,2002,4,18,2,Tuesday
16.900000000000002,2002,5,22,2,Friday
16.975,2002,6,26,2,Sunday
17.05,2002,7,31,3,Wednesday
17.125,2002,8,35,3,Saturday
17.2,2002,9,40,3,Monday
17.275,2002,10,44,4,Thursday
17.35,2002,11,48,4,Saturday
17.425,2002,12,1,4,Tuesday
17.5,2003,1,5,1,Friday
17.483333333333334,2003,2,9,1,Friday
17.46666666666667,2003,3,14,1,Monday
17.45,2003,4,18,2,Wednesday
17.433333333333334,2003,5,22,2,Saturday
17.416666666666668,2003,6,27,2,Monday
17.4,2003,7,31,3,Thursday
17.383333333333333,2003,8,35,3,Sunday
17.366666666666667,2003,9,40,3,Tuesday
17.35,2003,10,44,4,Friday
17.333333333333336,2003,11,48,4,Sunday
17.316666666666666,2003,12,1,4,Wednesday
17.3,2004,1,5,1,Saturday
17.3,2004,2,9,1,Sunday
17.3,2004,3,14,1,Wednesday
17.3,2004,4,18,2,Friday
17.3,2004,5,23,2,Monday
17.3,2004,6,27,2,Wednesday
17.3,2004,7,31,3,Saturday
17.3,2004,8,36,3,Tuesday
17.3,2004,9,40,3,Thursday
17.3,2004,10,44,4,Sunday
17.3,2004,11,49,4,Tuesday
17.3,2004,12,53,4,Friday
17.3,2005,1,5,1,Monday
17.25,2005,2,9,1,Monday
17.2,2005,3,13,1,Thursday
17.15,2005,4,17,2,Saturday
17.1,2005,5,22,2,Tuesday
17.05,2005,6,26,2,Thursday
17.0,2005,7,30,3,Sunday
16.95,2005,8,35,3,Wednesday
16.9,2005,9,39,3,Friday
16.85,2005,10,44,4,Monday
16.8,2005,11,48,4,Wednesday
16.75,2005,12,52,4,Saturday
16.7,2006,1,5,1,Tuesday
16.708333333333332,2006,2,9,1,Tuesday
16.716666666666665,2006,3,13,1,Friday
16.725,2006,4,17,2,Sunday
16.733333333333334,2006,5,22,2,Wednesday
16.741666666666667,2006,6,26,2,Friday
16.75,2006,7,31,3,Monday
16.758333333333333,2006,8,35,3,Thursday
16.766666666666666,2006,9,39,3,Saturday
16.775,2006,10,44,4,Tuesday
16.783333333333335,2006,11,48,4,Thursday
16.791666666666668,2006,12,52,4,Sunday
16.8,2007,1,5,1,Wednesday
16.8,2007,2,9,1,Wednesday
16.8,2007,3,13,1,Saturday
16.8,2007,4,18,2,Monday
16.8,2007,5,22,2,Thursday
16.8,2007,6,26,2,Saturday
16.8,2007,7,31,3,Tuesday
16.8,2007,8,35,3,Friday
16.8,2007,9,39,3,Sunday
16.8,2007,10,44,4,Wednesday
16.8,2007,11,48,4,Friday
16.8,2007,12,1,4,Monday
16.8,2008,1,5,1,Thursday
16.725,2008,2,9,1,Friday
16.650000000000002,2008,3,14,1,Monday
16.575,2008,4,18,2,Wednesday
16.5,2008,5,22,2,Saturday
16.425,2008,6,27,2,Monday
16.35,2008,7,31,3,Thursday
16.275000000000002,2008,8,35,3,Sunday
16.2,2008,9,40,3,Tuesday
16.125,2008,10,44,4,Friday
16.05,2008,11,48,4,Sunday
15.975,2008,12,1,4,Wednesday
15.9,2009,1,5,1,Saturday
15.875,2009,2,9,1,Saturday
15.85,2009,3,14,1,Tuesday
15.825,2009,4,18,2,Thursday
15.8,2009,5,22,2,Sunday
15.775,2009,6,27,2,Tuesday
15.75,2009,7,31,3,Friday
15.725,2009,8,36,3,Monday
15.7,2009,9,40,3,Wednesday
15.675,2009,10,44,4,Saturday
15.65,2009,11,49,4,Monday
15.625,2009,12,53,4,Thursday
15.6,2010,1,4,1,Sunday
15.6,2010,2,8,1,Sunday
15.6,2010,3,13,1,Wednesday
15.6,2010,4,17,2,Friday
15.6,2010,5,22,2,Monday
15.6,2010,6,26,2,Wednesday
15.6,2010,7,30,3,Saturday
15.6,2010,8,35,3,Tuesday
15.6,2010,9,39,3,Thursday
15.6,2010,10,43,4,Sunday
15.6,2010,11,48,4,Tuesday
15.6,2010,12,52,4,Friday
15.6,2011,1,5,1,Monday
15.533333333333333,2011,2,9,1,Monday
15.466666666666667,2011,3,13,1,Thursday
15.4,2011,4,17,2,Saturday
15.333333333333334,2011,5,22,2,Tuesday
15.266666666666667,2011,6,26,2,Thursday
15.2,2011,7,30,3,Sunday
15.133333333333333,2011,8,35,3,Wednesday
15.066666666666666,2011,9,39,3,Friday
15.0,2011,10,44,4,Monday
14.933333333333334,2011,11,48,4,Wednesday
14.866666666666667,2011,12,52,4,Saturday
14.8,2012,1,5,1,Tuesday
14.791666666666668,2012,2,9,1,Wednesday
14.783333333333333,2012,3,13,1,Saturday
14.775,2012,4,18,2,Monday
14.766666666666667,2012,5,22,2,Thursday
14.758333333333333,2012,6,26,2,Saturday
14.75,2012,7,31,3,Tuesday
14.741666666666667,2012,8,35,3,Friday
14.733333333333333,2012,9,39,3,Sunday
14.725,2012,10,44,4,Wednesday
14.716666666666667,2012,11,48,4,Friday
14.708333333333332,2012,12,1,4,Monday
14.7,2013,1,5,1,Thursday
14.733333333333333,2013,2,9,1,Thursday
14.766666666666666,2013,3,13,1,Sunday
14.799999999999999,2013,4,18,2,Tuesday
14.833333333333332,2013,5,22,2,Friday
14.866666666666665,2013,6,26,2,Sunday
14.899999999999999,2013,7,31,3,Wednesday
14.933333333333334,2013,8,35,3,Saturday
14.966666666666667,2013,9,40,3,Monday
15.0,2013,10,44,4,Thursday
15.033333333333333,2013,11,48,4,Saturday
15.066666666666666,2013,12,1,4,Tuesday
15.1,2014,1,5,1,Friday
